source_image_key,x,y,canceled,sz_kind,cut_kind,porosity,pore_count,experience,image_hash
"2-SMC-1-AL_73,97m_n=_2,5x_cesc.jpg",17,6,False,big,full,0.213473630675167,92792,4,96d32ea0ad6dd0027430d440345533260d54be4d628596e43a6f80a45fe155df
"2-SMC-1-AL_73,97m_n=_2,5x_cesc.jpg",17,6,False,big,cropped,0.362087162162162,2113,4,364d9f2eb01f2b14dd74d0567b0ceeefb59c0dbb7dc71b40b6a752f747bae9d0
"2-SMC-1-AL_73,97m_n=_2,5x_cesc.jpg",17,6,False,small,full,0.203979414259604,1510,4,8bba162dfb800925e7add02aea38ad6333015c2a623fcb392afe3fbd00fdfe98
"2-SMC-1-AL_73,97m_n=_2,5x_cesc.jpg",17,6,False,small,cropped,0.340454054054054,102,4,2535ba0e9dda1c0b74d9a0dc2b7da12009a7786dff5957a15c722f0e7095ede6
"2-SMC-1-AL_73,97m_n=_2,5x_cesc.jpg",24,3,False,big,full,0.255587447173189,80426,4,96d32ea0ad6dd0027430d440345533260d54be4d628596e43a6f80a45fe155df
"2-SMC-1-AL_73,97m_n=_2,5x_cesc.jpg",24,3,False,big,cropped,0.362090540540541,2113,4,364d9f2eb01f2b14dd74d0567b0ceeefb59c0dbb7dc71b40b6a752f747bae9d0
"2-SMC-1-AL_73,97m_n=_2,5x_cesc.jpg",24,3,False,small,full,0.245929200444246,1437,4,8bba162dfb800925e7add02aea38ad6333015c2a623fcb392afe3fbd00fdfe98
"2-SMC-1-AL_73,97m_n=_2,5x_cesc.jpg",24,3,False,small,cropped,0.340454054054054,102,4,2535ba0e9dda1c0b74d9a0dc2b7da12009a7786dff5957a15c722f0e7095ede6
"2-SMC-1-AL_73,97m_n=_2,5x_cesc.jpg",16,7,False,big,full,0.207241901051691,87493,4,96d32ea0ad6dd0027430d440345533260d54be4d628596e43a6f80a45fe155df
"2-SMC-1-AL_73,97m_n=_2,5x_cesc.jpg",16,7,False,big,cropped,0.362027702702703,2114,4,364d9f2eb01f2b14dd74d0567b0ceeefb59c0dbb7dc71b40b6a752f747bae9d0
"2-SMC-1-AL_73,97m_n=_2,5x_cesc.jpg",16,7,False,small,full,0.198859214173903,1657,4,8bba162dfb800925e7add02aea38ad6333015c2a623fcb392afe3fbd00fdfe98
"2-SMC-1-AL_73,97m_n=_2,5x_cesc.jpg",16,7,False,small,cropped,0.340454054054054,102,4,2535ba0e9dda1c0b74d9a0dc2b7da12009a7786dff5957a15c722f0e7095ede6
"2-SMC-1-AL_72,99m_n=_2,5x_cesc.jpg",24,2,False,big,full,0.309911469142510,66378,1,955c560c37ed11c42db316f3a6d1cad49707f00e2d65c5f89049c291f7819f16
"2-SMC-1-AL_72,99m_n=_2,5x_cesc.jpg",24,2,False,big,cropped,0.236004974987126,1020,1,b1a075711c014e61cc95643ee4630a06dc8a2ff26b4d2936b3e7161584f2a85c
"2-SMC-1-AL_72,99m_n=_2,5x_cesc.jpg",24,2,False,small,full,0.293067927447073,1542,1,bd22ebc18d9f1c95431b24deab1b15d8bae3abe2256b669899e30c138d5cf3bb
"2-SMC-1-AL_72,99m_n=_2,5x_cesc.jpg",24,2,False,small,cropped,0.224968733907158,63,1,868f52a56ec5f471c10fd646083c2ff1dde4b4b9192d216f803a64341fca68c9
"2-SMC-1-AL_72,99m_n=_2,5x_cesc.jpg",27,5,False,big,full,0.282110658452252,97074,1,955c560c37ed11c42db316f3a6d1cad49707f00e2d65c5f89049c291f7819f16
"2-SMC-1-AL_72,99m_n=_2,5x_cesc.jpg",27,5,False,big,cropped,0.235999993869393,1020,1,b1a075711c014e61cc95643ee4630a06dc8a2ff26b4d2936b3e7161584f2a85c
"2-SMC-1-AL_72,99m_n=_2,5x_cesc.jpg",27,5,False,small,full,0.256718726789364,1692,1,bd22ebc18d9f1c95431b24deab1b15d8bae3abe2256b669899e30c138d5cf3bb
"2-SMC-1-AL_72,99m_n=_2,5x_cesc.jpg",27,5,False,small,cropped,0.224968733907158,63,1,868f52a56ec5f471c10fd646083c2ff1dde4b4b9192d216f803a64341fca68c9
72.53_jpeg_escal.jpg,22,18,False,big,full,0.096511416873354,40302,4,a5593218103380aa3fe785f2c1e230c5f8dd476e8eda214d53421b351b97448e
72.53_jpeg_escal.jpg,22,18,False,big,cropped,0.143852289814989,395,4,5ec735cc0ce36038ed47ed7677294d5b9f3f7f3338589463603cdacce9049cb8
72.53_jpeg_escal.jpg,22,18,False,small,full,0.081541593762635,2630,4,58c52e2561a180466e7fb4208aef59dedb5adae9e553b4efefc79d3a09977b0c
72.53_jpeg_escal.jpg,22,18,False,small,cropped,0.121479015064042,23,4,387678ed1e4353d87fb4667460187aabf4b2ed45661dcdc057d13c555bd330f3
72.53_jpeg_escal.jpg,25,19,False,big,full,0.091994408482669,35008,4,a5593218103380aa3fe785f2c1e230c5f8dd476e8eda214d53421b351b97448e
72.53_jpeg_escal.jpg,25,19,False,big,cropped,0.137564277275046,324,4,5ec735cc0ce36038ed47ed7677294d5b9f3f7f3338589463603cdacce9049cb8
72.53_jpeg_escal.jpg,25,19,False,small,full,0.075856331648043,2257,4,58c52e2561a180466e7fb4208aef59dedb5adae9e553b4efefc79d3a09977b0c
72.53_jpeg_escal.jpg,25,19,False,small,cropped,0.113342821084289,14,4,387678ed1e4353d87fb4667460187aabf4b2ed45661dcdc057d13c555bd330f3
72.53_jpeg_escal.jpg,24,20,False,big,full,0.086998584337280,30980,4,a5593218103380aa3fe785f2c1e230c5f8dd476e8eda214d53421b351b97448e
72.53_jpeg_escal.jpg,24,20,False,big,cropped,0.129999949652265,278,4,5ec735cc0ce36038ed47ed7677294d5b9f3f7f3338589463603cdacce9049cb8
72.53_jpeg_escal.jpg,24,20,False,small,full,0.070107379140323,1866,4,58c52e2561a180466e7fb4208aef59dedb5adae9e553b4efefc79d3a09977b0c
72.53_jpeg_escal.jpg,24,20,False,small,cropped,0.104320506968127,14,4,387678ed1e4353d87fb4667460187aabf4b2ed45661dcdc057d13c555bd330f3
72.53_jpeg_escal.jpg,26,21,False,big,full,0.080432747503538,29622,4,a5593218103380aa3fe785f2c1e230c5f8dd476e8eda214d53421b351b97448e
72.53_jpeg_escal.jpg,26,21,False,big,cropped,0.115650425606187,314,4,5ec735cc0ce36038ed47ed7677294d5b9f3f7f3338589463603cdacce9049cb8
72.53_jpeg_escal.jpg,26,21,False,small,full,0.063713293043793,1568,4,58c52e2561a180466e7fb4208aef59dedb5adae9e553b4efefc79d3a09977b0c
72.53_jpeg_escal.jpg,26,21,False,small,cropped,0.092720388818775,12,4,387678ed1e4353d87fb4667460187aabf4b2ed45661dcdc057d13c555bd330f3
72.53_jpeg_escal.jpg,29,19,False,big,full,0.091994408482669,35008,4,a5593218103380aa3fe785f2c1e230c5f8dd476e8eda214d53421b351b97448e
72.53_jpeg_escal.jpg,29,19,False,big,cropped,0.137564277275046,324,4,5ec735cc0ce36038ed47ed7677294d5b9f3f7f3338589463603cdacce9049cb8
72.53_jpeg_escal.jpg,29,19,False,small,full,0.075856331648043,2257,4,58c52e2561a180466e7fb4208aef59dedb5adae9e553b4efefc79d3a09977b0c
72.53_jpeg_escal.jpg,29,19,False,small,cropped,0.113342821084289,14,4,387678ed1e4353d87fb4667460187aabf4b2ed45661dcdc057d13c555bd330f3
72.53_jpeg_escal.jpg,27,22,False,big,full,0.067439920624615,40060,4,a5593218103380aa3fe785f2c1e230c5f8dd476e8eda214d53421b351b97448e
72.53_jpeg_escal.jpg,27,22,False,big,cropped,0.068952901372144,867,4,5ec735cc0ce36038ed47ed7677294d5b9f3f7f3338589463603cdacce9049cb8
72.53_jpeg_escal.jpg,27,22,False,small,full,0.053162514267721,1433,4,58c52e2561a180466e7fb4208aef59dedb5adae9e553b4efefc79d3a09977b0c
72.53_jpeg_escal.jpg,27,22,False,small,cropped,0.046722698101555,45,4,387678ed1e4353d87fb4667460187aabf4b2ed45661dcdc057d13c555bd330f3
72.53_jpeg_escal.jpg,29,18,False,big,full,0.096511416873354,40302,4,a5593218103380aa3fe785f2c1e230c5f8dd476e8eda214d53421b351b97448e
72.53_jpeg_escal.jpg,29,18,False,big,cropped,0.143852289814989,395,4,5ec735cc0ce36038ed47ed7677294d5b9f3f7f3338589463603cdacce9049cb8
72.53_jpeg_escal.jpg,29,18,False,small,full,0.081541593762635,2630,4,58c52e2561a180466e7fb4208aef59dedb5adae9e553b4efefc79d3a09977b0c
72.53_jpeg_escal.jpg,29,18,False,small,cropped,0.121479015064042,23,4,387678ed1e4353d87fb4667460187aabf4b2ed45661dcdc057d13c555bd330f3
"2-SMC-1-AL_72,99m_n=_2,5x_cesc.jpg",23,4,False,big,full,0.309114249858731,66381,3,955c560c37ed11c42db316f3a6d1cad49707f00e2d65c5f89049c291f7819f16
"2-SMC-1-AL_72,99m_n=_2,5x_cesc.jpg",23,4,False,big,cropped,0.210115033927057,2290,3,62429bc6369ee87582742481130b239ea3dc501da26782b0b8bbee6e60fbda14
"2-SMC-1-AL_72,99m_n=_2,5x_cesc.jpg",23,4,False,small,full,0.292728828058169,1543,3,bd22ebc18d9f1c95431b24deab1b15d8bae3abe2256b669899e30c138d5cf3bb
"2-SMC-1-AL_72,99m_n=_2,5x_cesc.jpg",23,4,False,small,cropped,0.187260390161154,138,3,73cbaf94d52487e12592ec2f7ca450f8763398062a83c64601ea38ef6575d33f
"2-SMC-1-AL_72,99m_n=_2,5x_cesc.jpg",30,2,False,big,full,0.309911469142510,66378,3,955c560c37ed11c42db316f3a6d1cad49707f00e2d65c5f89049c291f7819f16
"2-SMC-1-AL_72,99m_n=_2,5x_cesc.jpg",30,2,False,big,cropped,0.210115033927057,2290,3,62429bc6369ee87582742481130b239ea3dc501da26782b0b8bbee6e60fbda14
"2-SMC-1-AL_72,99m_n=_2,5x_cesc.jpg",30,2,False,small,full,0.293067927447073,1542,3,bd22ebc18d9f1c95431b24deab1b15d8bae3abe2256b669899e30c138d5cf3bb
"2-SMC-1-AL_72,99m_n=_2,5x_cesc.jpg",30,2,False,small,cropped,0.187260390161154,138,3,73cbaf94d52487e12592ec2f7ca450f8763398062a83c64601ea38ef6575d33f
"2-SMC-1-AL_72,99m_n=_2,5x_cesc.jpg",23,10,False,big,full,0.237861372477872,68667,1,955c560c37ed11c42db316f3a6d1cad49707f00e2d65c5f89049c291f7819f16
"2-SMC-1-AL_72,99m_n=_2,5x_cesc.jpg",23,10,False,big,cropped,0.286902674913331,839,1,a56f4ebe6efa92a497cd976d65bb1dd24c8c0178c9666ff0c1ca879dbe2f5100
"2-SMC-1-AL_72,99m_n=_2,5x_cesc.jpg",23,10,False,small,full,0.227480368604109,1314,1,bd22ebc18d9f1c95431b24deab1b15d8bae3abe2256b669899e30c138d5cf3bb
"2-SMC-1-AL_72,99m_n=_2,5x_cesc.jpg",23,10,False,small,cropped,0.279136463914277,48,1,a2e66b805d70dca3266d38ea6aacb0cba1b3d49f83721dbd668920cb50a52788
"2-SMC-1-AL_72,99m_n=_2,5x_cesc.jpg",29,16,False,big,full,0.215131839559099,41734,1,955c560c37ed11c42db316f3a6d1cad49707f00e2d65c5f89049c291f7819f16
"2-SMC-1-AL_72,99m_n=_2,5x_cesc.jpg",29,16,False,big,cropped,0.255940750078790,417,1,a56f4ebe6efa92a497cd976d65bb1dd24c8c0178c9666ff0c1ca879dbe2f5100
"2-SMC-1-AL_72,99m_n=_2,5x_cesc.jpg",29,16,False,small,full,0.205916311090394,871,1,bd22ebc18d9f1c95431b24deab1b15d8bae3abe2256b669899e30c138d5cf3bb
"2-SMC-1-AL_72,99m_n=_2,5x_cesc.jpg",29,16,False,small,cropped,0.242514970059880,24,1,a2e66b805d70dca3266d38ea6aacb0cba1b3d49f83721dbd668920cb50a52788
"2-SMC-1-AL_72,99m_n=_2,5x_cesc.jpg",17,6,False,big,full,0.257158494809035,77768,1,955c560c37ed11c42db316f3a6d1cad49707f00e2d65c5f89049c291f7819f16
"2-SMC-1-AL_72,99m_n=_2,5x_cesc.jpg",17,6,False,big,cropped,0.310716396155058,1175,1,a56f4ebe6efa92a497cd976d65bb1dd24c8c0178c9666ff0c1ca879dbe2f5100
"2-SMC-1-AL_72,99m_n=_2,5x_cesc.jpg",17,6,False,small,full,0.240768761877443,1728,1,bd22ebc18d9f1c95431b24deab1b15d8bae3abe2256b669899e30c138d5cf3bb
"2-SMC-1-AL_72,99m_n=_2,5x_cesc.jpg",17,6,False,small,cropped,0.294862905767412,78,1,a2e66b805d70dca3266d38ea6aacb0cba1b3d49f83721dbd668920cb50a52788
"2-SMC-1-AL_73,97m_n=_2,5x_cesc.jpg",16,10,False,big,full,0.197534641061179,84538,4,96d32ea0ad6dd0027430d440345533260d54be4d628596e43a6f80a45fe155df
"2-SMC-1-AL_73,97m_n=_2,5x_cesc.jpg",16,10,False,big,cropped,0.164717899871813,2341,4,c95589664c288f33ea7a68f6c340f7e9ebef2ef167140d4d420cdb2c8f2c93ea
"2-SMC-1-AL_73,97m_n=_2,5x_cesc.jpg",16,10,False,small,full,0.191477337321055,1522,4,8bba162dfb800925e7add02aea38ad6333015c2a623fcb392afe3fbd00fdfe98
"2-SMC-1-AL_73,97m_n=_2,5x_cesc.jpg",16,10,False,small,cropped,0.152186298248113,153,4,6acb6b92483ec59155b136715bbf7d1db6376a4cda70a56d37520b4a5d4d5094
"2-SMC-1-AL_73,97m_n=_2,5x_cesc.jpg",18,13,False,big,full,0.188835393021548,78884,4,96d32ea0ad6dd0027430d440345533260d54be4d628596e43a6f80a45fe155df
"2-SMC-1-AL_73,97m_n=_2,5x_cesc.jpg",18,13,False,big,cropped,0.157253129005840,1724,4,c95589664c288f33ea7a68f6c340f7e9ebef2ef167140d4d420cdb2c8f2c93ea
"2-SMC-1-AL_73,97m_n=_2,5x_cesc.jpg",18,13,False,small,full,0.185466239910451,1446,4,8bba162dfb800925e7add02aea38ad6333015c2a623fcb392afe3fbd00fdfe98
"2-SMC-1-AL_73,97m_n=_2,5x_cesc.jpg",18,13,False,small,cropped,0.149361439491051,137,4,6acb6b92483ec59155b136715bbf7d1db6376a4cda70a56d37520b4a5d4d5094
"2-SMC-1-AL_73,97m_n=_2,5x_cesc.jpg",13,21,False,big,full,0.158396758314077,53174,4,96d32ea0ad6dd0027430d440345533260d54be4d628596e43a6f80a45fe155df
"2-SMC-1-AL_73,97m_n=_2,5x_cesc.jpg",13,21,False,big,cropped,0.115459610751080,1268,4,c95589664c288f33ea7a68f6c340f7e9ebef2ef167140d4d420cdb2c8f2c93ea
"2-SMC-1-AL_73,97m_n=_2,5x_cesc.jpg",13,21,False,small,full,0.141622067144144,1171,4,8bba162dfb800925e7add02aea38ad6333015c2a623fcb392afe3fbd00fdfe98
"2-SMC-1-AL_73,97m_n=_2,5x_cesc.jpg",13,21,False,small,cropped,0.079202867587713,106,4,6acb6b92483ec59155b136715bbf7d1db6376a4cda70a56d37520b4a5d4d5094
"2-SMC-1-AL_73,97m_n=_2,5x_cesc.jpg",11,21,False,big,full,0.158396758314077,53174,4,96d32ea0ad6dd0027430d440345533260d54be4d628596e43a6f80a45fe155df
"2-SMC-1-AL_73,97m_n=_2,5x_cesc.jpg",11,21,False,big,cropped,0.115459610751080,1268,4,c95589664c288f33ea7a68f6c340f7e9ebef2ef167140d4d420cdb2c8f2c93ea
"2-SMC-1-AL_73,97m_n=_2,5x_cesc.jpg",11,21,False,small,full,0.141622067144144,1171,4,8bba162dfb800925e7add02aea38ad6333015c2a623fcb392afe3fbd00fdfe98
"2-SMC-1-AL_73,97m_n=_2,5x_cesc.jpg",11,21,False,small,cropped,0.079202867587713,106,4,6acb6b92483ec59155b136715bbf7d1db6376a4cda70a56d37520b4a5d4d5094
"2-SMC-1-AL_73,97m_n=_2,5x_cesc.jpg",26,15,False,big,full,0.182197524730664,71756,4,96d32ea0ad6dd0027430d440345533260d54be4d628596e43a6f80a45fe155df
"2-SMC-1-AL_73,97m_n=_2,5x_cesc.jpg",26,15,False,big,cropped,0.149109219959170,1586,4,c95589664c288f33ea7a68f6c340f7e9ebef2ef167140d4d420cdb2c8f2c93ea
"2-SMC-1-AL_73,97m_n=_2,5x_cesc.jpg",26,15,False,small,full,0.179109714825406,1352,4,8bba162dfb800925e7add02aea38ad6333015c2a623fcb392afe3fbd00fdfe98
"2-SMC-1-AL_73,97m_n=_2,5x_cesc.jpg",26,15,False,small,cropped,0.141337891088639,126,4,6acb6b92483ec59155b136715bbf7d1db6376a4cda70a56d37520b4a5d4d5094
"2-SMC-1-AL_73,97m_n=_2,5x_cesc.jpg",22,16,False,big,full,0.178628382897574,68574,4,96d32ea0ad6dd0027430d440345533260d54be4d628596e43a6f80a45fe155df
"2-SMC-1-AL_73,97m_n=_2,5x_cesc.jpg",22,16,False,big,cropped,0.144225990184209,1444,4,c95589664c288f33ea7a68f6c340f7e9ebef2ef167140d4d420cdb2c8f2c93ea
"2-SMC-1-AL_73,97m_n=_2,5x_cesc.jpg",22,16,False,small,full,0.174410368077236,1363,4,8bba162dfb800925e7add02aea38ad6333015c2a623fcb392afe3fbd00fdfe98
"2-SMC-1-AL_73,97m_n=_2,5x_cesc.jpg",22,16,False,small,cropped,0.133634809856146,133,4,6acb6b92483ec59155b136715bbf7d1db6376a4cda70a56d37520b4a5d4d5094
"2-SMC-1-AL_73,97m_n=_2,5x_cesc.jpg",9,5,False,big,full,0.237106039735713,93124,5,96d32ea0ad6dd0027430d440345533260d54be4d628596e43a6f80a45fe155df
"2-SMC-1-AL_73,97m_n=_2,5x_cesc.jpg",9,5,False,big,cropped,0.723205463015246,279,5,16f5c1fd18bc0c139667ed39b21a023ed4b93332138660c20794d8bd8c12ffc3
"2-SMC-1-AL_73,97m_n=_2,5x_cesc.jpg",9,5,False,small,full,0.227484893004871,1518,5,8bba162dfb800925e7add02aea38ad6333015c2a623fcb392afe3fbd00fdfe98
"2-SMC-1-AL_73,97m_n=_2,5x_cesc.jpg",9,5,False,small,cropped,0.725578769057030,14,5,1c350f7e440fcf94d046d1329bc4f86d32d4129a4c1f6b40a2509347998d19a1
"2-SMC-1-AL_73,97m_n=_2,5x_cesc.jpg",7,6,False,big,full,0.213473630675167,92792,5,96d32ea0ad6dd0027430d440345533260d54be4d628596e43a6f80a45fe155df
"2-SMC-1-AL_73,97m_n=_2,5x_cesc.jpg",7,6,False,big,cropped,0.723195537478825,279,5,16f5c1fd18bc0c139667ed39b21a023ed4b93332138660c20794d8bd8c12ffc3
"2-SMC-1-AL_73,97m_n=_2,5x_cesc.jpg",7,6,False,small,full,0.203979414259604,1510,5,8bba162dfb800925e7add02aea38ad6333015c2a623fcb392afe3fbd00fdfe98
"2-SMC-1-AL_73,97m_n=_2,5x_cesc.jpg",7,6,False,small,cropped,0.725578769057030,14,5,1c350f7e440fcf94d046d1329bc4f86d32d4129a4c1f6b40a2509347998d19a1
"2-SMC-1-AL_73,97m_n=_2,5x_cesc.jpg",14,12,False,big,full,0.191916639671779,81812,5,96d32ea0ad6dd0027430d440345533260d54be4d628596e43a6f80a45fe155df
"2-SMC-1-AL_73,97m_n=_2,5x_cesc.jpg",14,12,False,big,cropped,0.714339753317335,302,5,16f5c1fd18bc0c139667ed39b21a023ed4b93332138660c20794d8bd8c12ffc3
"2-SMC-1-AL_73,97m_n=_2,5x_cesc.jpg",14,12,False,small,full,0.187590182858042,1509,5,8bba162dfb800925e7add02aea38ad6333015c2a623fcb392afe3fbd00fdfe98
"2-SMC-1-AL_73,97m_n=_2,5x_cesc.jpg",14,12,False,small,cropped,0.723461321287408,14,5,1c350f7e440fcf94d046d1329bc4f86d32d4129a4c1f6b40a2509347998d19a1
"2-SMC-1-AL_73,97m_n=_2,5x_cesc.jpg",12,20,False,big,full,0.162853298636594,56655,5,96d32ea0ad6dd0027430d440345533260d54be4d628596e43a6f80a45fe155df
"2-SMC-1-AL_73,97m_n=_2,5x_cesc.jpg",12,20,False,big,cropped,0.676777112154150,189,5,16f5c1fd18bc0c139667ed39b21a023ed4b93332138660c20794d8bd8c12ffc3
"2-SMC-1-AL_73,97m_n=_2,5x_cesc.jpg",12,20,False,small,full,0.149144957193203,1257,5,8bba162dfb800925e7add02aea38ad6333015c2a623fcb392afe3fbd00fdfe98
"2-SMC-1-AL_73,97m_n=_2,5x_cesc.jpg",12,20,False,small,cropped,0.667631281761717,6,5,1c350f7e440fcf94d046d1329bc4f86d32d4129a4c1f6b40a2509347998d19a1
"2-SMC-1-AL_73,97m_n=_2,5x_cesc.jpg",13,17,False,big,full,0.174915497656242,65339,5,96d32ea0ad6dd0027430d440345533260d54be4d628596e43a6f80a45fe155df
"2-SMC-1-AL_73,97m_n=_2,5x_cesc.jpg",13,17,False,big,cropped,0.690696022727273,285,5,16f5c1fd18bc0c139667ed39b21a023ed4b93332138660c20794d8bd8c12ffc3
"2-SMC-1-AL_73,97m_n=_2,5x_cesc.jpg",13,17,False,small,full,0.168897735918357,1366,5,8bba162dfb800925e7add02aea38ad6333015c2a623fcb392afe3fbd00fdfe98
"2-SMC-1-AL_73,97m_n=_2,5x_cesc.jpg",13,17,False,small,cropped,0.695228684359119,10,5,1c350f7e440fcf94d046d1329bc4f86d32d4129a4c1f6b40a2509347998d19a1
"2-SMC-1-AL_73,97m_n=_2,5x_cesc.jpg",12,17,False,big,full,0.174915497656242,65339,5,96d32ea0ad6dd0027430d440345533260d54be4d628596e43a6f80a45fe155df
"2-SMC-1-AL_73,97m_n=_2,5x_cesc.jpg",12,17,False,big,cropped,0.690696022727273,285,5,16f5c1fd18bc0c139667ed39b21a023ed4b93332138660c20794d8bd8c12ffc3
"2-SMC-1-AL_73,97m_n=_2,5x_cesc.jpg",12,17,False,small,full,0.168897735918357,1366,5,8bba162dfb800925e7add02aea38ad6333015c2a623fcb392afe3fbd00fdfe98
"2-SMC-1-AL_73,97m_n=_2,5x_cesc.jpg",12,17,False,small,cropped,0.695228684359119,10,5,1c350f7e440fcf94d046d1329bc4f86d32d4129a4c1f6b40a2509347998d19a1
72.53_jpeg_escal.jpg,23,3,False,big,full,0.272013461409641,325733,5,a5593218103380aa3fe785f2c1e230c5f8dd476e8eda214d53421b351b97448e
72.53_jpeg_escal.jpg,23,3,False,big,cropped,0.397126417255572,4815,5,3e44f15f36a028f346d70012f2fa0ae825126318dc3b315d53999d12ef2e8353
72.53_jpeg_escal.jpg,23,3,False,small,full,0.227763286424285,21122,5,58c52e2561a180466e7fb4208aef59dedb5adae9e553b4efefc79d3a09977b0c
72.53_jpeg_escal.jpg,23,3,False,small,cropped,0.327793740778132,242,5,16f999603032de87c85c9670a8f312c184eee6d9a14b60f201d74777e9aae426
"2-SMC-1-AL_72,99m_n=_2,5x_cesc.jpg",12,24,False,big,full,0.088147014723359,117580,5,955c560c37ed11c42db316f3a6d1cad49707f00e2d65c5f89049c291f7819f16
"2-SMC-1-AL_72,99m_n=_2,5x_cesc.jpg",12,24,False,big,cropped,0.108787913082843,1798,5,a2540fd16baf759b57e81781c42529db967e1968269bae716e425605cb588150
"2-SMC-1-AL_72,99m_n=_2,5x_cesc.jpg",12,24,False,small,full,0.055642009394385,2454,5,bd22ebc18d9f1c95431b24deab1b15d8bae3abe2256b669899e30c138d5cf3bb
"2-SMC-1-AL_72,99m_n=_2,5x_cesc.jpg",12,24,False,small,cropped,0.069035762788592,49,5,f031809b4d8406101a55d248b7e29cff5cfd701be5e01b25b00cca48bbcb778c
"2-SMC-1-AL_72,99m_n=_2,5x_cesc.jpg",11,26,False,big,full,0.000691515334192,7597,5,955c560c37ed11c42db316f3a6d1cad49707f00e2d65c5f89049c291f7819f16
"2-SMC-1-AL_72,99m_n=_2,5x_cesc.jpg",11,26,False,big,cropped,0.005532527916101,140,5,a2540fd16baf759b57e81781c42529db967e1968269bae716e425605cb588150
"2-SMC-1-AL_72,99m_n=_2,5x_cesc.jpg",11,26,False,small,full,0.000096300128571,43,5,bd22ebc18d9f1c95431b24deab1b15d8bae3abe2256b669899e30c138d5cf3bb
"2-SMC-1-AL_72,99m_n=_2,5x_cesc.jpg",11,26,False,small,cropped,0.001810774105930,5,5,f031809b4d8406101a55d248b7e29cff5cfd701be5e01b25b00cca48bbcb778c
"2-SMC-1-AL_72,99m_n=_2,5x_cesc.jpg",28,3,False,big,full,0.309906941487336,66378,5,955c560c37ed11c42db316f3a6d1cad49707f00e2d65c5f89049c291f7819f16
"2-SMC-1-AL_72,99m_n=_2,5x_cesc.jpg",28,3,False,big,cropped,0.459272908178663,239,5,a2540fd16baf759b57e81781c42529db967e1968269bae716e425605cb588150
"2-SMC-1-AL_72,99m_n=_2,5x_cesc.jpg",28,3,False,small,full,0.292935770887651,1543,5,bd22ebc18d9f1c95431b24deab1b15d8bae3abe2256b669899e30c138d5cf3bb
"2-SMC-1-AL_72,99m_n=_2,5x_cesc.jpg",28,3,False,small,cropped,0.456767768220914,8,5,f031809b4d8406101a55d248b7e29cff5cfd701be5e01b25b00cca48bbcb778c
"2-SMC-1-AL_72,99m_n=_2,5x_cesc.jpg",29,1,False,big,full,0.309947178422891,66378,5,955c560c37ed11c42db316f3a6d1cad49707f00e2d65c5f89049c291f7819f16
"2-SMC-1-AL_72,99m_n=_2,5x_cesc.jpg",29,1,False,big,cropped,0.459272908178663,239,5,a2540fd16baf759b57e81781c42529db967e1968269bae716e425605cb588150
"2-SMC-1-AL_72,99m_n=_2,5x_cesc.jpg",29,1,False,small,full,0.293145787125492,1542,5,bd22ebc18d9f1c95431b24deab1b15d8bae3abe2256b669899e30c138d5cf3bb
"2-SMC-1-AL_72,99m_n=_2,5x_cesc.jpg",29,1,False,small,cropped,0.456767768220914,8,5,f031809b4d8406101a55d248b7e29cff5cfd701be5e01b25b00cca48bbcb778c
"2-SMC-1-AL_72,99m_n=_2,5x_cesc.jpg",15,0,False,big,full,0.310023956575467,66378,4,955c560c37ed11c42db316f3a6d1cad49707f00e2d65c5f89049c291f7819f16
"2-SMC-1-AL_72,99m_n=_2,5x_cesc.jpg",15,0,False,big,cropped,0.306392790225315,2293,4,5a340e475f5e3183cf554e20a6cf0135f9587d8311cfc3bf8999f7918caa40d0
"2-SMC-1-AL_72,99m_n=_2,5x_cesc.jpg",15,0,False,small,full,0.293796325228073,1542,4,bd22ebc18d9f1c95431b24deab1b15d8bae3abe2256b669899e30c138d5cf3bb
"2-SMC-1-AL_72,99m_n=_2,5x_cesc.jpg",15,0,False,small,cropped,0.290201697343767,117,4,6a241434eeeada264eeac8458ae1759b04a20e58bf867fd4d3d58de7bc8a87d8
"2-SMC-1-AL_72,99m_n=_2,5x_cesc.jpg",23,4,False,big,full,0.309114249858731,66381,4,955c560c37ed11c42db316f3a6d1cad49707f00e2d65c5f89049c291f7819f16
"2-SMC-1-AL_72,99m_n=_2,5x_cesc.jpg",23,4,False,big,cropped,0.306392790225315,2293,4,5a340e475f5e3183cf554e20a6cf0135f9587d8311cfc3bf8999f7918caa40d0
"2-SMC-1-AL_72,99m_n=_2,5x_cesc.jpg",23,4,False,small,full,0.292728828058169,1543,4,bd22ebc18d9f1c95431b24deab1b15d8bae3abe2256b669899e30c138d5cf3bb
"2-SMC-1-AL_72,99m_n=_2,5x_cesc.jpg",23,4,False,small,cropped,0.290107225519989,116,4,6a241434eeeada264eeac8458ae1759b04a20e58bf867fd4d3d58de7bc8a87d8
"2-SMC-1-AL_72,99m_n=_2,5x_cesc.jpg",21,4,False,big,full,0.309114249858731,66381,4,955c560c37ed11c42db316f3a6d1cad49707f00e2d65c5f89049c291f7819f16
"2-SMC-1-AL_72,99m_n=_2,5x_cesc.jpg",21,4,False,big,cropped,0.306392790225315,2293,4,5a340e475f5e3183cf554e20a6cf0135f9587d8311cfc3bf8999f7918caa40d0
"2-SMC-1-AL_72,99m_n=_2,5x_cesc.jpg",21,4,False,small,full,0.292728828058169,1543,4,bd22ebc18d9f1c95431b24deab1b15d8bae3abe2256b669899e30c138d5cf3bb
"2-SMC-1-AL_72,99m_n=_2,5x_cesc.jpg",21,4,False,small,cropped,0.290107225519989,116,4,6a241434eeeada264eeac8458ae1759b04a20e58bf867fd4d3d58de7bc8a87d8
"2-SMC-1-AL_73,97m_n=_2,5x_cesc.jpg",28,6,False,big,full,0.213473630675167,92792,4,96d32ea0ad6dd0027430d440345533260d54be4d628596e43a6f80a45fe155df
"2-SMC-1-AL_73,97m_n=_2,5x_cesc.jpg",28,6,False,big,cropped,0.120601307669703,702,4,520ddd9404554a11ba4484d4d6b1462dcb65d32b934b84e1f2b556c7f959f764
"2-SMC-1-AL_73,97m_n=_2,5x_cesc.jpg",28,6,False,small,full,0.203979414259604,1510,4,8bba162dfb800925e7add02aea38ad6333015c2a623fcb392afe3fbd00fdfe98
"2-SMC-1-AL_73,97m_n=_2,5x_cesc.jpg",28,6,False,small,cropped,0.104797237731413,52,4,d436eb4065f1f36c20012b8d7cfdb897094de32390eb96c0d7b9cc49d8fd0108
"2-SMC-1-AL_72,99m_n=_2,5x_cesc.jpg",26,3,False,big,full,0.309906941487336,66378,2,955c560c37ed11c42db316f3a6d1cad49707f00e2d65c5f89049c291f7819f16
"2-SMC-1-AL_72,99m_n=_2,5x_cesc.jpg",26,3,False,big,cropped,0.462173461310113,648,2,804ee5d35453f12d70b4dc0da05ce4a7fc6493b38b89a6d59993da8e6737e587
"2-SMC-1-AL_72,99m_n=_2,5x_cesc.jpg",26,3,False,small,full,0.292935770887651,1543,2,bd22ebc18d9f1c95431b24deab1b15d8bae3abe2256b669899e30c138d5cf3bb
"2-SMC-1-AL_72,99m_n=_2,5x_cesc.jpg",26,3,False,small,cropped,0.448644369681377,42,2,e9a91554a8aaeefd0e18b11c4a6b7b1d9056145f2653a8a79f410cd320fb58ea
"2-SMC-1-AL_72,99m_n=_2,5x_cesc.jpg",31,10,False,big,full,0.237861372477872,68667,2,955c560c37ed11c42db316f3a6d1cad49707f00e2d65c5f89049c291f7819f16
"2-SMC-1-AL_72,99m_n=_2,5x_cesc.jpg",31,10,False,big,cropped,0.455018058579062,516,2,804ee5d35453f12d70b4dc0da05ce4a7fc6493b38b89a6d59993da8e6737e587
"2-SMC-1-AL_72,99m_n=_2,5x_cesc.jpg",31,10,False,small,full,0.227480368604109,1314,2,bd22ebc18d9f1c95431b24deab1b15d8bae3abe2256b669899e30c138d5cf3bb
"2-SMC-1-AL_72,99m_n=_2,5x_cesc.jpg",31,10,False,small,cropped,0.446388284187611,35,2,e9a91554a8aaeefd0e18b11c4a6b7b1d9056145f2653a8a79f410cd320fb58ea
"2-SMC-1-AL_72,99m_n=_2,5x_cesc.jpg",17,6,False,big,full,0.257158494809035,77768,2,955c560c37ed11c42db316f3a6d1cad49707f00e2d65c5f89049c291f7819f16
"2-SMC-1-AL_72,99m_n=_2,5x_cesc.jpg",17,6,False,big,cropped,0.461983598852167,661,2,804ee5d35453f12d70b4dc0da05ce4a7fc6493b38b89a6d59993da8e6737e587
"2-SMC-1-AL_72,99m_n=_2,5x_cesc.jpg",17,6,False,small,full,0.240768761877443,1728,2,bd22ebc18d9f1c95431b24deab1b15d8bae3abe2256b669899e30c138d5cf3bb
"2-SMC-1-AL_72,99m_n=_2,5x_cesc.jpg",17,6,False,small,cropped,0.448525628339600,41,2,e9a91554a8aaeefd0e18b11c4a6b7b1d9056145f2653a8a79f410cd320fb58ea
"2-SMC-1-AL_72,99m_n=_2,5x_cesc.jpg",12,7,False,big,full,0.248202952863110,82839,2,955c560c37ed11c42db316f3a6d1cad49707f00e2d65c5f89049c291f7819f16
"2-SMC-1-AL_72,99m_n=_2,5x_cesc.jpg",12,7,False,big,cropped,0.325044492036680,258,2,fc0de18721529e0870e6b9935a663c540dcb806b99a75775baaffa47a98091f4
"2-SMC-1-AL_72,99m_n=_2,5x_cesc.jpg",12,7,False,small,full,0.233240960337665,1773,2,bd22ebc18d9f1c95431b24deab1b15d8bae3abe2256b669899e30c138d5cf3bb
"2-SMC-1-AL_72,99m_n=_2,5x_cesc.jpg",12,7,False,small,cropped,0.312620656370656,13,2,a38cfca590f5b13e0a62ae28bca43991af8910253471806f5206333832b12698
"2-SMC-1-AL_72,99m_n=_2,5x_cesc.jpg",18,16,False,big,full,0.215131839559099,41734,2,955c560c37ed11c42db316f3a6d1cad49707f00e2d65c5f89049c291f7819f16
"2-SMC-1-AL_72,99m_n=_2,5x_cesc.jpg",18,16,False,big,cropped,0.292823585304054,77,2,fc0de18721529e0870e6b9935a663c540dcb806b99a75775baaffa47a98091f4
"2-SMC-1-AL_72,99m_n=_2,5x_cesc.jpg",18,16,False,small,full,0.205916311090394,871,2,bd22ebc18d9f1c95431b24deab1b15d8bae3abe2256b669899e30c138d5cf3bb
"2-SMC-1-AL_72,99m_n=_2,5x_cesc.jpg",18,16,False,small,cropped,0.278354247104247,12,2,a38cfca590f5b13e0a62ae28bca43991af8910253471806f5206333832b12698
"2-SMC-1-AL_72,99m_n=_2,5x_cesc.jpg",25,21,False,big,full,0.190870375312216,26672,2,955c560c37ed11c42db316f3a6d1cad49707f00e2d65c5f89049c291f7819f16
"2-SMC-1-AL_72,99m_n=_2,5x_cesc.jpg",25,21,False,big,cropped,0.264358108108108,91,2,fc0de18721529e0870e6b9935a663c540dcb806b99a75775baaffa47a98091f4
"2-SMC-1-AL_72,99m_n=_2,5x_cesc.jpg",25,21,False,small,full,0.167406504356556,598,2,bd22ebc18d9f1c95431b24deab1b15d8bae3abe2256b669899e30c138d5cf3bb
"2-SMC-1-AL_72,99m_n=_2,5x_cesc.jpg",25,21,False,small,cropped,0.210424710424710,9,2,a38cfca590f5b13e0a62ae28bca43991af8910253471806f5206333832b12698
72.53_jpeg_escal.jpg,27,8,False,big,full,0.170368251035351,508309,2,a5593218103380aa3fe785f2c1e230c5f8dd476e8eda214d53421b351b97448e
72.53_jpeg_escal.jpg,27,8,False,big,cropped,0.204093491735537,31708,2,c1b87e384ea3e025abb1d2fe4d3a10b465328fb9829addfe25650225dbbe66a2
72.53_jpeg_escal.jpg,27,8,False,small,full,0.165266909262658,14692,2,58c52e2561a180466e7fb4208aef59dedb5adae9e553b4efefc79d3a09977b0c
72.53_jpeg_escal.jpg,27,8,False,small,cropped,0.197253871459520,598,2,a5c209a11aac7eb8011f10899a895fc73719ee277c8c9cfd6ed0a6db01667456
72.53_jpeg_escal.jpg,28,16,False,big,full,0.105389680911592,55635,2,a5593218103380aa3fe785f2c1e230c5f8dd476e8eda214d53421b351b97448e
72.53_jpeg_escal.jpg,28,16,False,big,cropped,0.133240485587339,3066,2,c1b87e384ea3e025abb1d2fe4d3a10b465328fb9829addfe25650225dbbe66a2
72.53_jpeg_escal.jpg,28,16,False,small,full,0.093025186330181,3679,2,58c52e2561a180466e7fb4208aef59dedb5adae9e553b4efefc79d3a09977b0c
72.53_jpeg_escal.jpg,28,16,False,small,cropped,0.114729599614860,109,2,a5c209a11aac7eb8011f10899a895fc73719ee277c8c9cfd6ed0a6db01667456
72.53_jpeg_escal.jpg,31,9,False,big,full,0.155087436535186,330504,2,a5593218103380aa3fe785f2c1e230c5f8dd476e8eda214d53421b351b97448e
72.53_jpeg_escal.jpg,31,9,False,big,cropped,0.187313980632673,20905,2,c1b87e384ea3e025abb1d2fe4d3a10b465328fb9829addfe25650225dbbe66a2
72.53_jpeg_escal.jpg,31,9,False,small,full,0.152355292206514,11944,2,58c52e2561a180466e7fb4208aef59dedb5adae9e553b4efefc79d3a09977b0c
72.53_jpeg_escal.jpg,31,9,False,small,cropped,0.187414747653053,509,2,a5c209a11aac7eb8011f10899a895fc73719ee277c8c9cfd6ed0a6db01667456
"2-SMC-1-AL_73,97m_n=_2,5x_cesc.jpg",21,8,False,big,full,0.202657122572871,87890,2,96d32ea0ad6dd0027430d440345533260d54be4d628596e43a6f80a45fe155df
"2-SMC-1-AL_73,97m_n=_2,5x_cesc.jpg",21,8,False,big,cropped,0.335054351027236,2384,2,4fce540b9c0a78bc97c52e069010e9e616f21cc591851b2356b7f2ce71adc2fb
"2-SMC-1-AL_73,97m_n=_2,5x_cesc.jpg",21,8,False,small,full,0.195254086103313,1511,2,8bba162dfb800925e7add02aea38ad6333015c2a623fcb392afe3fbd00fdfe98
"2-SMC-1-AL_73,97m_n=_2,5x_cesc.jpg",21,8,False,small,cropped,0.328032230703986,106,2,80c465eac8cef1e1a359ab7c939132c4eb517c030631173a8b0ab25aa63ad163
"2-SMC-1-AL_73,97m_n=_2,5x_cesc.jpg",27,8,False,big,full,0.202657122572871,87890,2,96d32ea0ad6dd0027430d440345533260d54be4d628596e43a6f80a45fe155df
"2-SMC-1-AL_73,97m_n=_2,5x_cesc.jpg",27,8,False,big,cropped,0.335054351027236,2384,2,4fce540b9c0a78bc97c52e069010e9e616f21cc591851b2356b7f2ce71adc2fb
"2-SMC-1-AL_73,97m_n=_2,5x_cesc.jpg",27,8,False,small,full,0.195254086103313,1511,2,8bba162dfb800925e7add02aea38ad6333015c2a623fcb392afe3fbd00fdfe98
"2-SMC-1-AL_73,97m_n=_2,5x_cesc.jpg",27,8,False,small,cropped,0.328032230703986,106,2,80c465eac8cef1e1a359ab7c939132c4eb517c030631173a8b0ab25aa63ad163
"2-SMC-1-AL_73,97m_n=_2,5x_cesc.jpg",30,9,False,big,full,0.199995165909351,85879,2,96d32ea0ad6dd0027430d440345533260d54be4d628596e43a6f80a45fe155df
"2-SMC-1-AL_73,97m_n=_2,5x_cesc.jpg",30,9,False,big,cropped,0.334172306450853,2282,2,4fce540b9c0a78bc97c52e069010e9e616f21cc591851b2356b7f2ce71adc2fb
"2-SMC-1-AL_73,97m_n=_2,5x_cesc.jpg",30,9,False,small,full,0.193302856992943,1499,2,8bba162dfb800925e7add02aea38ad6333015c2a623fcb392afe3fbd00fdfe98
"2-SMC-1-AL_73,97m_n=_2,5x_cesc.jpg",30,9,False,small,cropped,0.327914428423334,106,2,80c465eac8cef1e1a359ab7c939132c4eb517c030631173a8b0ab25aa63ad163
"2-SMC-1-AL_73,97m_n=_2,5x_cesc.jpg",15,15,False,big,full,0.182197524730664,71756,5,96d32ea0ad6dd0027430d440345533260d54be4d628596e43a6f80a45fe155df
"2-SMC-1-AL_73,97m_n=_2,5x_cesc.jpg",15,15,False,big,cropped,0.270170069754842,2283,5,9bbe9cbb7ae1ab4babe68afff58b2c03e1ec3df89f2f702287a6af2e31da21ad
"2-SMC-1-AL_73,97m_n=_2,5x_cesc.jpg",15,15,False,small,full,0.179109714825406,1352,5,8bba162dfb800925e7add02aea38ad6333015c2a623fcb392afe3fbd00fdfe98
"2-SMC-1-AL_73,97m_n=_2,5x_cesc.jpg",15,15,False,small,cropped,0.274183936069348,118,5,3002bc281311c393204d9283208bbf85e037d944deafa16ef2f52f14a46d2bd7
"2-SMC-1-AL_73,97m_n=_2,5x_cesc.jpg",28,8,False,big,full,0.202657122572872,87890,5,96d32ea0ad6dd0027430d440345533260d54be4d628596e43a6f80a45fe155df
"2-SMC-1-AL_73,97m_n=_2,5x_cesc.jpg",28,8,False,big,cropped,0.316102871461466,3365,5,9bbe9cbb7ae1ab4babe68afff58b2c03e1ec3df89f2f702287a6af2e31da21ad
"2-SMC-1-AL_73,97m_n=_2,5x_cesc.jpg",28,8,False,small,full,0.195254086103313,1511,5,8bba162dfb800925e7add02aea38ad6333015c2a623fcb392afe3fbd00fdfe98
"2-SMC-1-AL_73,97m_n=_2,5x_cesc.jpg",28,8,False,small,cropped,0.308329947175945,146,5,3002bc281311c393204d9283208bbf85e037d944deafa16ef2f52f14a46d2bd7
"2-SMC-1-AL_73,97m_n=_2,5x_cesc.jpg",29,12,False,big,full,0.191916639671779,81812,5,96d32ea0ad6dd0027430d440345533260d54be4d628596e43a6f80a45fe155df
"2-SMC-1-AL_73,97m_n=_2,5x_cesc.jpg",29,12,False,big,cropped,0.299604877759718,2614,5,9bbe9cbb7ae1ab4babe68afff58b2c03e1ec3df89f2f702287a6af2e31da21ad
"2-SMC-1-AL_73,97m_n=_2,5x_cesc.jpg",29,12,False,small,full,0.187590182858042,1509,5,8bba162dfb800925e7add02aea38ad6333015c2a623fcb392afe3fbd00fdfe98
"2-SMC-1-AL_73,97m_n=_2,5x_cesc.jpg",29,12,False,small,cropped,0.302600568874441,139,5,3002bc281311c393204d9283208bbf85e037d944deafa16ef2f52f14a46d2bd7
"2-SMC-1-AL_73,97m_n=_2,5x_cesc.jpg",30,1,False,big,full,0.255600274400316,80426,5,96d32ea0ad6dd0027430d440345533260d54be4d628596e43a6f80a45fe155df
"2-SMC-1-AL_73,97m_n=_2,5x_cesc.jpg",30,1,False,big,cropped,0.316719363741027,3332,5,9bbe9cbb7ae1ab4babe68afff58b2c03e1ec3df89f2f702287a6af2e31da21ad
"2-SMC-1-AL_73,97m_n=_2,5x_cesc.jpg",30,1,False,small,full,0.246250579356543,1437,5,8bba162dfb800925e7add02aea38ad6333015c2a623fcb392afe3fbd00fdfe98
"2-SMC-1-AL_73,97m_n=_2,5x_cesc.jpg",30,1,False,small,cropped,0.308519571989706,148,5,3002bc281311c393204d9283208bbf85e037d944deafa16ef2f52f14a46d2bd7
"2-SMC-1-AL_73,97m_n=_2,5x_cesc.jpg",30,3,False,big,full,0.255587447173189,80426,5,96d32ea0ad6dd0027430d440345533260d54be4d628596e43a6f80a45fe155df
"2-SMC-1-AL_73,97m_n=_2,5x_cesc.jpg",30,3,False,big,cropped,0.316719363741027,3332,5,9bbe9cbb7ae1ab4babe68afff58b2c03e1ec3df89f2f702287a6af2e31da21ad
"2-SMC-1-AL_73,97m_n=_2,5x_cesc.jpg",30,3,False,small,full,0.245929200444246,1437,5,8bba162dfb800925e7add02aea38ad6333015c2a623fcb392afe3fbd00fdfe98
"2-SMC-1-AL_73,97m_n=_2,5x_cesc.jpg",30,3,False,small,cropped,0.308519571989706,148,5,3002bc281311c393204d9283208bbf85e037d944deafa16ef2f52f14a46d2bd7
"2-SMC-1-AL_73,97m_n=_2,5x_cesc.jpg",30,2,False,big,full,0.255591540969080,80426,5,96d32ea0ad6dd0027430d440345533260d54be4d628596e43a6f80a45fe155df
"2-SMC-1-AL_73,97m_n=_2,5x_cesc.jpg",30,2,False,big,cropped,0.316719363741027,3332,5,9bbe9cbb7ae1ab4babe68afff58b2c03e1ec3df89f2f702287a6af2e31da21ad
"2-SMC-1-AL_73,97m_n=_2,5x_cesc.jpg",30,2,False,small,full,0.246050537380521,1437,5,8bba162dfb800925e7add02aea38ad6333015c2a623fcb392afe3fbd00fdfe98
"2-SMC-1-AL_73,97m_n=_2,5x_cesc.jpg",30,2,False,small,cropped,0.308519571989706,148,5,3002bc281311c393204d9283208bbf85e037d944deafa16ef2f52f14a46d2bd7
"2-SMC-1-AL_73,97m_n=_2,5x_cesc.jpg",14,8,False,big,full,0.202657122572871,87890,3,96d32ea0ad6dd0027430d440345533260d54be4d628596e43a6f80a45fe155df
"2-SMC-1-AL_73,97m_n=_2,5x_cesc.jpg",14,8,False,big,cropped,0.431452689895230,645,3,f9622ae1c81a612665c2d79d831194e1eaabb6547e5180b176db3505d3987ddd
"2-SMC-1-AL_73,97m_n=_2,5x_cesc.jpg",14,8,False,small,full,0.195254086103313,1511,3,8bba162dfb800925e7add02aea38ad6333015c2a623fcb392afe3fbd00fdfe98
"2-SMC-1-AL_73,97m_n=_2,5x_cesc.jpg",14,8,False,small,cropped,0.431210366694238,39,3,b3bab56e99f5fada4f63cc674688f06b2754dea5de95a860564b7b98e03de2c2
"2-SMC-1-AL_73,97m_n=_2,5x_cesc.jpg",14,4,False,big,full,0.255104157510707,80428,3,96d32ea0ad6dd0027430d440345533260d54be4d628596e43a6f80a45fe155df
"2-SMC-1-AL_73,97m_n=_2,5x_cesc.jpg",14,4,False,big,cropped,0.431721937896333,642,3,f9622ae1c81a612665c2d79d831194e1eaabb6547e5180b176db3505d3987ddd
"2-SMC-1-AL_73,97m_n=_2,5x_cesc.jpg",14,4,False,small,full,0.245667943437311,1439,3,8bba162dfb800925e7add02aea38ad6333015c2a623fcb392afe3fbd00fdfe98
"2-SMC-1-AL_73,97m_n=_2,5x_cesc.jpg",14,4,False,small,cropped,0.431417149159085,40,3,b3bab56e99f5fada4f63cc674688f06b2754dea5de95a860564b7b98e03de2c2
"2-SMC-1-AL_73,97m_n=_2,5x_cesc.jpg",25,20,False,big,full,0.162853298636594,56655,3,96d32ea0ad6dd0027430d440345533260d54be4d628596e43a6f80a45fe155df
"2-SMC-1-AL_73,97m_n=_2,5x_cesc.jpg",25,20,False,big,cropped,0.315081549834574,492,3,f9622ae1c81a612665c2d79d831194e1eaabb6547e5180b176db3505d3987ddd
"2-SMC-1-AL_73,97m_n=_2,5x_cesc.jpg",25,20,False,small,full,0.149144957193203,1257,3,8bba162dfb800925e7add02aea38ad6333015c2a623fcb392afe3fbd00fdfe98
"2-SMC-1-AL_73,97m_n=_2,5x_cesc.jpg",25,20,False,small,cropped,0.265439757375241,36,3,b3bab56e99f5fada4f63cc674688f06b2754dea5de95a860564b7b98e03de2c2
"2-SMC-1-AL_73,97m_n=_2,5x_cesc.jpg",29,20,False,big,full,0.162853298636594,56655,3,96d32ea0ad6dd0027430d440345533260d54be4d628596e43a6f80a45fe155df
"2-SMC-1-AL_73,97m_n=_2,5x_cesc.jpg",29,20,False,big,cropped,0.315081549834574,492,3,f9622ae1c81a612665c2d79d831194e1eaabb6547e5180b176db3505d3987ddd
"2-SMC-1-AL_73,97m_n=_2,5x_cesc.jpg",29,20,False,small,full,0.149144957193203,1257,3,8bba162dfb800925e7add02aea38ad6333015c2a623fcb392afe3fbd00fdfe98
"2-SMC-1-AL_73,97m_n=_2,5x_cesc.jpg",29,20,False,small,cropped,0.265439757375241,36,3,b3bab56e99f5fada4f63cc674688f06b2754dea5de95a860564b7b98e03de2c2
"2-SMC-1-AL_72,99m_n=_2,5x_cesc.jpg",20,3,False,big,full,0.309906941487336,66378,2,955c560c37ed11c42db316f3a6d1cad49707f00e2d65c5f89049c291f7819f16
"2-SMC-1-AL_72,99m_n=_2,5x_cesc.jpg",20,3,False,big,cropped,0.250094371370089,3030,2,7bd35ed8086c02595c900890d81a711e1f0c154ccc84cf17fc6af9445d86bf93
"2-SMC-1-AL_72,99m_n=_2,5x_cesc.jpg",20,3,False,small,full,0.292935770887651,1543,2,bd22ebc18d9f1c95431b24deab1b15d8bae3abe2256b669899e30c138d5cf3bb
"2-SMC-1-AL_72,99m_n=_2,5x_cesc.jpg",20,3,False,small,cropped,0.235218197951117,177,2,7ae4de96eec592b47d108afd1166de66caed5936940ce7cb34c6d07e8ca9a71a
"2-SMC-1-AL_72,99m_n=_2,5x_cesc.jpg",25,2,False,big,full,0.309911469142510,66378,2,955c560c37ed11c42db316f3a6d1cad49707f00e2d65c5f89049c291f7819f16
"2-SMC-1-AL_72,99m_n=_2,5x_cesc.jpg",25,2,False,big,cropped,0.250094371370089,3030,2,7bd35ed8086c02595c900890d81a711e1f0c154ccc84cf17fc6af9445d86bf93
"2-SMC-1-AL_72,99m_n=_2,5x_cesc.jpg",25,2,False,small,full,0.293067927447073,1542,2,bd22ebc18d9f1c95431b24deab1b15d8bae3abe2256b669899e30c138d5cf3bb
"2-SMC-1-AL_72,99m_n=_2,5x_cesc.jpg",25,2,False,small,cropped,0.235218197951117,177,2,7ae4de96eec592b47d108afd1166de66caed5936940ce7cb34c6d07e8ca9a71a
"2-SMC-1-AL_72,99m_n=_2,5x_cesc.jpg",27,13,False,big,full,0.227220246905996,54666,2,955c560c37ed11c42db316f3a6d1cad49707f00e2d65c5f89049c291f7819f16
"2-SMC-1-AL_72,99m_n=_2,5x_cesc.jpg",27,13,False,big,cropped,0.212175198636767,1835,2,7bd35ed8086c02595c900890d81a711e1f0c154ccc84cf17fc6af9445d86bf93
"2-SMC-1-AL_72,99m_n=_2,5x_cesc.jpg",27,13,False,small,full,0.219668789025883,1113,2,bd22ebc18d9f1c95431b24deab1b15d8bae3abe2256b669899e30c138d5cf3bb
"2-SMC-1-AL_72,99m_n=_2,5x_cesc.jpg",27,13,False,small,cropped,0.207187222715173,113,2,7ae4de96eec592b47d108afd1166de66caed5936940ce7cb34c6d07e8ca9a71a
"2-SMC-1-AL_73,97m_n=_2,5x_cesc.jpg",24,7,False,big,full,0.207241901051691,87493,2,96d32ea0ad6dd0027430d440345533260d54be4d628596e43a6f80a45fe155df
"2-SMC-1-AL_73,97m_n=_2,5x_cesc.jpg",24,7,False,big,cropped,0.457447281700600,1299,2,fbeca04a06ab2909d243c423526d4cf58c73822a0f71360cec98c4c5c6f9894a
"2-SMC-1-AL_73,97m_n=_2,5x_cesc.jpg",24,7,False,small,full,0.198859214173903,1657,2,8bba162dfb800925e7add02aea38ad6333015c2a623fcb392afe3fbd00fdfe98
"2-SMC-1-AL_73,97m_n=_2,5x_cesc.jpg",24,7,False,small,cropped,0.441394888297543,74,2,982c7f7d5122505b5e67527dddfb79841665cdd1eaec53a1c9ab8eec6e1b3014
"2-SMC-1-AL_73,97m_n=_2,5x_cesc.jpg",27,10,False,big,full,0.197534641061179,84538,2,96d32ea0ad6dd0027430d440345533260d54be4d628596e43a6f80a45fe155df
"2-SMC-1-AL_73,97m_n=_2,5x_cesc.jpg",27,10,False,big,cropped,0.455356728448543,1301,2,fbeca04a06ab2909d243c423526d4cf58c73822a0f71360cec98c4c5c6f9894a
"2-SMC-1-AL_73,97m_n=_2,5x_cesc.jpg",27,10,False,small,full,0.191477337321055,1522,2,8bba162dfb800925e7add02aea38ad6333015c2a623fcb392afe3fbd00fdfe98
"2-SMC-1-AL_73,97m_n=_2,5x_cesc.jpg",27,10,False,small,cropped,0.441085463209357,71,2,982c7f7d5122505b5e67527dddfb79841665cdd1eaec53a1c9ab8eec6e1b3014
"2-SMC-1-AL_73,97m_n=_2,5x_cesc.jpg",17,6,False,big,full,0.213473630675167,92792,2,96d32ea0ad6dd0027430d440345533260d54be4d628596e43a6f80a45fe155df
"2-SMC-1-AL_73,97m_n=_2,5x_cesc.jpg",17,6,False,big,cropped,0.457534790983353,1299,2,fbeca04a06ab2909d243c423526d4cf58c73822a0f71360cec98c4c5c6f9894a
"2-SMC-1-AL_73,97m_n=_2,5x_cesc.jpg",17,6,False,small,full,0.203979414259604,1510,2,8bba162dfb800925e7add02aea38ad6333015c2a623fcb392afe3fbd00fdfe98
"2-SMC-1-AL_73,97m_n=_2,5x_cesc.jpg",17,6,False,small,cropped,0.441394888297543,74,2,982c7f7d5122505b5e67527dddfb79841665cdd1eaec53a1c9ab8eec6e1b3014
"2-SMC-1-AL_72,99m_n=_2,5x_cesc.jpg",19,10,False,big,full,0.237861372477872,68667,1,955c560c37ed11c42db316f3a6d1cad49707f00e2d65c5f89049c291f7819f16
"2-SMC-1-AL_72,99m_n=_2,5x_cesc.jpg",19,10,False,big,cropped,0.304666243627563,1557,1,bb4ea92bde6dd04a7dead6a9efe262bc9b884f649bac26ff180f95c8c9255214
"2-SMC-1-AL_72,99m_n=_2,5x_cesc.jpg",19,10,False,small,full,0.227480368604109,1314,1,bd22ebc18d9f1c95431b24deab1b15d8bae3abe2256b669899e30c138d5cf3bb
"2-SMC-1-AL_72,99m_n=_2,5x_cesc.jpg",19,10,False,small,cropped,0.301552296941230,78,1,4821d7c747b180018bcb01d9429c0a85a1d9140a2e391198f6bd6b3e2596ac36
"2-SMC-1-AL_72,99m_n=_2,5x_cesc.jpg",30,11,False,big,full,0.234488589349035,64439,1,955c560c37ed11c42db316f3a6d1cad49707f00e2d65c5f89049c291f7819f16
"2-SMC-1-AL_72,99m_n=_2,5x_cesc.jpg",30,11,False,big,cropped,0.299312994042846,1416,1,bb4ea92bde6dd04a7dead6a9efe262bc9b884f649bac26ff180f95c8c9255214
"2-SMC-1-AL_72,99m_n=_2,5x_cesc.jpg",30,11,False,small,full,0.225440649923421,1253,1,bd22ebc18d9f1c95431b24deab1b15d8bae3abe2256b669899e30c138d5cf3bb
"2-SMC-1-AL_72,99m_n=_2,5x_cesc.jpg",30,11,False,small,cropped,0.297757475083056,65,1,4821d7c747b180018bcb01d9429c0a85a1d9140a2e391198f6bd6b3e2596ac36
"2-SMC-1-AL_72,99m_n=_2,5x_cesc.jpg",19,8,False,big,full,0.243987881882916,75601,1,955c560c37ed11c42db316f3a6d1cad49707f00e2d65c5f89049c291f7819f16
"2-SMC-1-AL_72,99m_n=_2,5x_cesc.jpg",19,8,False,big,cropped,0.325195537152059,1103,1,68add87e2ec6927714e370a9fbcbfe07cccdb11d9454577aeac783d7224f45e7
"2-SMC-1-AL_72,99m_n=_2,5x_cesc.jpg",19,8,False,small,full,0.230751499567162,1490,1,bd22ebc18d9f1c95431b24deab1b15d8bae3abe2256b669899e30c138d5cf3bb
"2-SMC-1-AL_72,99m_n=_2,5x_cesc.jpg",19,8,False,small,cropped,0.305239245456637,61,1,d3bd8d0ce1c9e08c872fbb64e201892bfe8a146812114ecb248b50c6b3957186
"2-SMC-1-AL_72,99m_n=_2,5x_cesc.jpg",25,9,False,big,full,0.241037386592637,72123,1,955c560c37ed11c42db316f3a6d1cad49707f00e2d65c5f89049c291f7819f16
"2-SMC-1-AL_72,99m_n=_2,5x_cesc.jpg",25,9,False,big,cropped,0.321659963049229,1103,1,68add87e2ec6927714e370a9fbcbfe07cccdb11d9454577aeac783d7224f45e7
"2-SMC-1-AL_72,99m_n=_2,5x_cesc.jpg",25,9,False,small,full,0.229212746448933,1406,1,bd22ebc18d9f1c95431b24deab1b15d8bae3abe2256b669899e30c138d5cf3bb
"2-SMC-1-AL_72,99m_n=_2,5x_cesc.jpg",25,9,False,small,cropped,0.304117782378652,54,1,d3bd8d0ce1c9e08c872fbb64e201892bfe8a146812114ecb248b50c6b3957186
"2-SMC-1-AL_72,99m_n=_2,5x_cesc.jpg",30,9,False,big,full,0.241037386592637,72123,1,955c560c37ed11c42db316f3a6d1cad49707f00e2d65c5f89049c291f7819f16
"2-SMC-1-AL_72,99m_n=_2,5x_cesc.jpg",30,9,False,big,cropped,0.321659963049229,1103,1,68add87e2ec6927714e370a9fbcbfe07cccdb11d9454577aeac783d7224f45e7
"2-SMC-1-AL_72,99m_n=_2,5x_cesc.jpg",30,9,False,small,full,0.229212746448933,1406,1,bd22ebc18d9f1c95431b24deab1b15d8bae3abe2256b669899e30c138d5cf3bb
"2-SMC-1-AL_72,99m_n=_2,5x_cesc.jpg",30,9,False,small,cropped,0.304117782378652,54,1,d3bd8d0ce1c9e08c872fbb64e201892bfe8a146812114ecb248b50c6b3957186
"2-SMC-1-AL_72,99m_n=_2,5x_cesc.jpg",17,6,False,big,full,0.257158494809035,77768,1,955c560c37ed11c42db316f3a6d1cad49707f00e2d65c5f89049c291f7819f16
"2-SMC-1-AL_72,99m_n=_2,5x_cesc.jpg",17,6,False,big,cropped,0.327603807223372,1110,1,68add87e2ec6927714e370a9fbcbfe07cccdb11d9454577aeac783d7224f45e7
"2-SMC-1-AL_72,99m_n=_2,5x_cesc.jpg",17,6,False,small,full,0.240768761877443,1728,1,bd22ebc18d9f1c95431b24deab1b15d8bae3abe2256b669899e30c138d5cf3bb
"2-SMC-1-AL_72,99m_n=_2,5x_cesc.jpg",17,6,False,small,cropped,0.306446974925236,68,1,d3bd8d0ce1c9e08c872fbb64e201892bfe8a146812114ecb248b50c6b3957186
"2-SMC-1-AL_72,99m_n=_2,5x_cesc.jpg",24,11,False,big,full,0.234488589349035,64439,1,955c560c37ed11c42db316f3a6d1cad49707f00e2d65c5f89049c291f7819f16
"2-SMC-1-AL_72,99m_n=_2,5x_cesc.jpg",24,11,False,big,cropped,0.312169312169312,941,1,68add87e2ec6927714e370a9fbcbfe07cccdb11d9454577aeac783d7224f45e7
"2-SMC-1-AL_72,99m_n=_2,5x_cesc.jpg",24,11,False,small,full,0.225440649923421,1253,1,bd22ebc18d9f1c95431b24deab1b15d8bae3abe2256b669899e30c138d5cf3bb
"2-SMC-1-AL_72,99m_n=_2,5x_cesc.jpg",24,11,False,small,cropped,0.299373130894870,45,1,d3bd8d0ce1c9e08c872fbb64e201892bfe8a146812114ecb248b50c6b3957186
"2-SMC-1-AL_72,99m_n=_2,5x_cesc.jpg",30,10,False,big,full,0.237861372477872,68667,1,955c560c37ed11c42db316f3a6d1cad49707f00e2d65c5f89049c291f7819f16
"2-SMC-1-AL_72,99m_n=_2,5x_cesc.jpg",30,10,False,big,cropped,0.317166472567288,1027,1,68add87e2ec6927714e370a9fbcbfe07cccdb11d9454577aeac783d7224f45e7
"2-SMC-1-AL_72,99m_n=_2,5x_cesc.jpg",30,10,False,small,full,0.227480368604109,1314,1,bd22ebc18d9f1c95431b24deab1b15d8bae3abe2256b669899e30c138d5cf3bb
"2-SMC-1-AL_72,99m_n=_2,5x_cesc.jpg",30,10,False,small,cropped,0.302248677248677,50,1,d3bd8d0ce1c9e08c872fbb64e201892bfe8a146812114ecb248b50c6b3957186
"2-SMC-1-AL_73,97m_n=_2,5x_cesc.jpg",30,2,False,big,full,0.255591540969080,80426,2,96d32ea0ad6dd0027430d440345533260d54be4d628596e43a6f80a45fe155df
"2-SMC-1-AL_73,97m_n=_2,5x_cesc.jpg",30,2,False,big,cropped,0.394923105961134,1889,2,b6f99e6659a61c81072194250bce68fc94ec98be052d33cff1786346902866fb
"2-SMC-1-AL_73,97m_n=_2,5x_cesc.jpg",30,2,False,small,full,0.246050537380521,1437,2,8bba162dfb800925e7add02aea38ad6333015c2a623fcb392afe3fbd00fdfe98
"2-SMC-1-AL_73,97m_n=_2,5x_cesc.jpg",30,2,False,small,cropped,0.375765931372549,101,2,6b02608272ed4883d488fbc9620e41d1f58968228c76c1161627c957b36574e0
"2-SMC-1-AL_73,97m_n=_2,5x_cesc.jpg",23,1,False,big,full,0.255600274400316,80426,2,96d32ea0ad6dd0027430d440345533260d54be4d628596e43a6f80a45fe155df
"2-SMC-1-AL_73,97m_n=_2,5x_cesc.jpg",23,1,False,big,cropped,0.394923105961134,1889,2,b6f99e6659a61c81072194250bce68fc94ec98be052d33cff1786346902866fb
"2-SMC-1-AL_73,97m_n=_2,5x_cesc.jpg",23,1,False,small,full,0.246250579356543,1437,2,8bba162dfb800925e7add02aea38ad6333015c2a623fcb392afe3fbd00fdfe98
"2-SMC-1-AL_73,97m_n=_2,5x_cesc.jpg",23,1,False,small,cropped,0.375765931372549,101,2,6b02608272ed4883d488fbc9620e41d1f58968228c76c1161627c957b36574e0
72.53_jpeg_escal.jpg,21,11,True,big,full,0.134745051889768,161825,5,a5593218103380aa3fe785f2c1e230c5f8dd476e8eda214d53421b351b97448e
72.53_jpeg_escal.jpg,21,11,True,big,cropped,0.089737223873066,1939,5,8225c3a467a2aa1b09f2733575d2290ea04d4226cd3bd0a408275593316e036b
72.53_jpeg_escal.jpg,21,11,True,small,full,0.130737413096605,8263,5,58c52e2561a180466e7fb4208aef59dedb5adae9e553b4efefc79d3a09977b0c
72.53_jpeg_escal.jpg,21,11,True,small,cropped,0.077281901771698,181,5,0d7fc259ad7ffe6b811b715cbb0767aeeb0edc4f6e0f8a1105147d2866e41b5e
72.53_jpeg_escal.jpg,11,14,True,big,full,0.115224598428809,81231,5,a5593218103380aa3fe785f2c1e230c5f8dd476e8eda214d53421b351b97448e
72.53_jpeg_escal.jpg,11,14,True,big,cropped,0.072739473536667,1080,5,8225c3a467a2aa1b09f2733575d2290ea04d4226cd3bd0a408275593316e036b
72.53_jpeg_escal.jpg,11,14,True,small,full,0.106050587347080,5133,5,58c52e2561a180466e7fb4208aef59dedb5adae9e553b4efefc79d3a09977b0c
72.53_jpeg_escal.jpg,11,14,True,small,cropped,0.056997084548105,120,5,0d7fc259ad7ffe6b811b715cbb0767aeeb0edc4f6e0f8a1105147d2866e41b5e
72.53_jpeg_escal.jpg,11,25,True,big,full,0.001403479255511,32006,5,a5593218103380aa3fe785f2c1e230c5f8dd476e8eda214d53421b351b97448e
72.53_jpeg_escal.jpg,11,25,True,big,cropped,0.000989396445391,282,5,8225c3a467a2aa1b09f2733575d2290ea04d4226cd3bd0a408275593316e036b
72.53_jpeg_escal.jpg,11,25,True,small,full,0.000161372850002,177,5,58c52e2561a180466e7fb4208aef59dedb5adae9e553b4efefc79d3a09977b0c
72.53_jpeg_escal.jpg,11,25,True,small,cropped,0.000056066382597,3,5,0d7fc259ad7ffe6b811b715cbb0767aeeb0edc4f6e0f8a1105147d2866e41b5e
72.53_jpeg_escal.jpg,11,9,True,big,full,0.155087436535186,330504,5,a5593218103380aa3fe785f2c1e230c5f8dd476e8eda214d53421b351b97448e
72.53_jpeg_escal.jpg,11,9,True,big,cropped,0.104327273491814,3621,5,8225c3a467a2aa1b09f2733575d2290ea04d4226cd3bd0a408275593316e036b
72.53_jpeg_escal.jpg,11,9,True,small,full,0.152355292206514,11944,5,58c52e2561a180466e7fb4208aef59dedb5adae9e553b4efefc79d3a09977b0c
72.53_jpeg_escal.jpg,11,9,True,small,cropped,0.091107871720117,277,5,0d7fc259ad7ffe6b811b715cbb0767aeeb0edc4f6e0f8a1105147d2866e41b5e
"2-SMC-1-AL_72,99m_n=_2,5x_cesc.jpg",22,2,False,big,full,0.309911469142510,66378,1,955c560c37ed11c42db316f3a6d1cad49707f00e2d65c5f89049c291f7819f16
"2-SMC-1-AL_72,99m_n=_2,5x_cesc.jpg",22,2,False,big,cropped,0.257713558423516,2322,1,87c7c47eb69ee11f287bdb09f496cea475f847fedf0aadb2f811bbf03d8c0fb9
"2-SMC-1-AL_72,99m_n=_2,5x_cesc.jpg",22,2,False,small,full,0.293067927447073,1542,1,bd22ebc18d9f1c95431b24deab1b15d8bae3abe2256b669899e30c138d5cf3bb
"2-SMC-1-AL_72,99m_n=_2,5x_cesc.jpg",22,2,False,small,cropped,0.244164960514770,99,1,1736ff621cf4c96bc9d8d22c9cdd546f46a8fbf6b329e316c408daaa23b0bbd7
"2-SMC-1-AL_72,99m_n=_2,5x_cesc.jpg",13,-1,False,big,full,0.310023956575467,66378,1,955c560c37ed11c42db316f3a6d1cad49707f00e2d65c5f89049c291f7819f16
"2-SMC-1-AL_72,99m_n=_2,5x_cesc.jpg",13,-1,False,big,cropped,0.257713558423516,2322,1,87c7c47eb69ee11f287bdb09f496cea475f847fedf0aadb2f811bbf03d8c0fb9
"2-SMC-1-AL_72,99m_n=_2,5x_cesc.jpg",13,-1,False,small,full,0.293796325228072,1542,1,bd22ebc18d9f1c95431b24deab1b15d8bae3abe2256b669899e30c138d5cf3bb
"2-SMC-1-AL_72,99m_n=_2,5x_cesc.jpg",13,-1,False,small,cropped,0.244164960514770,99,1,1736ff621cf4c96bc9d8d22c9cdd546f46a8fbf6b329e316c408daaa23b0bbd7
"2-SMC-1-AL_72,99m_n=_2,5x_cesc.jpg",24,1,False,big,full,0.309947178422891,66378,1,955c560c37ed11c42db316f3a6d1cad49707f00e2d65c5f89049c291f7819f16
"2-SMC-1-AL_72,99m_n=_2,5x_cesc.jpg",24,1,False,big,cropped,0.257713558423516,2322,1,87c7c47eb69ee11f287bdb09f496cea475f847fedf0aadb2f811bbf03d8c0fb9
"2-SMC-1-AL_72,99m_n=_2,5x_cesc.jpg",24,1,False,small,full,0.293145787125492,1542,1,bd22ebc18d9f1c95431b24deab1b15d8bae3abe2256b669899e30c138d5cf3bb
"2-SMC-1-AL_72,99m_n=_2,5x_cesc.jpg",24,1,False,small,cropped,0.244164960514770,99,1,1736ff621cf4c96bc9d8d22c9cdd546f46a8fbf6b329e316c408daaa23b0bbd7
"2-SMC-1-AL_72,99m_n=_2,5x_cesc.jpg",21,8,True,big,full,0.243987881882916,75601,1,955c560c37ed11c42db316f3a6d1cad49707f00e2d65c5f89049c291f7819f16
"2-SMC-1-AL_72,99m_n=_2,5x_cesc.jpg",21,8,True,big,cropped,0.258334148940798,1587,1,ee238e9b457d853d08c347099d8bc6cec41c72a9c03a1ac382eae20c00fd32dd
"2-SMC-1-AL_72,99m_n=_2,5x_cesc.jpg",21,8,True,small,full,0.230751499567162,1490,1,bd22ebc18d9f1c95431b24deab1b15d8bae3abe2256b669899e30c138d5cf3bb
"2-SMC-1-AL_72,99m_n=_2,5x_cesc.jpg",21,8,True,small,cropped,0.246204706598808,99,1,381ce78134ef560cdd8974eae4c47000df3161ef23b01daca33a9a6010fbb5c0
"2-SMC-1-AL_72,99m_n=_2,5x_cesc.jpg",28,11,True,big,full,0.234488589349035,64439,1,955c560c37ed11c42db316f3a6d1cad49707f00e2d65c5f89049c291f7819f16
"2-SMC-1-AL_72,99m_n=_2,5x_cesc.jpg",28,11,True,big,cropped,0.244100779176998,961,1,ee238e9b457d853d08c347099d8bc6cec41c72a9c03a1ac382eae20c00fd32dd
"2-SMC-1-AL_72,99m_n=_2,5x_cesc.jpg",28,11,True,small,full,0.225440649923421,1253,1,bd22ebc18d9f1c95431b24deab1b15d8bae3abe2256b669899e30c138d5cf3bb
"2-SMC-1-AL_72,99m_n=_2,5x_cesc.jpg",28,11,True,small,cropped,0.235851929183522,70,1,381ce78134ef560cdd8974eae4c47000df3161ef23b01daca33a9a6010fbb5c0
"2-SMC-1-AL_72,99m_n=_2,5x_cesc.jpg",18,7,True,big,full,0.248202952863110,82839,1,955c560c37ed11c42db316f3a6d1cad49707f00e2d65c5f89049c291f7819f16
"2-SMC-1-AL_72,99m_n=_2,5x_cesc.jpg",18,7,True,big,cropped,0.316020504485578,3230,1,d187dc667009d01c1a261d214818e648a560c46ad350a7c978fa025552b8f118
"2-SMC-1-AL_72,99m_n=_2,5x_cesc.jpg",18,7,True,small,full,0.233240960337665,1773,1,bd22ebc18d9f1c95431b24deab1b15d8bae3abe2256b669899e30c138d5cf3bb
"2-SMC-1-AL_72,99m_n=_2,5x_cesc.jpg",18,7,True,small,cropped,0.303599818305701,163,1,f156468d6837b9af8aafc64906e95c63814644aa6f1ec9394a4e8c8107a06519
"2-SMC-1-AL_72,99m_n=_2,5x_cesc.jpg",27,14,True,big,full,0.223338750520760,50005,1,955c560c37ed11c42db316f3a6d1cad49707f00e2d65c5f89049c291f7819f16
"2-SMC-1-AL_72,99m_n=_2,5x_cesc.jpg",27,14,True,big,cropped,0.287315999034749,1269,1,d187dc667009d01c1a261d214818e648a560c46ad350a7c978fa025552b8f118
"2-SMC-1-AL_72,99m_n=_2,5x_cesc.jpg",27,14,True,small,full,0.215803465780159,1049,1,bd22ebc18d9f1c95431b24deab1b15d8bae3abe2256b669899e30c138d5cf3bb
"2-SMC-1-AL_72,99m_n=_2,5x_cesc.jpg",27,14,True,small,cropped,0.278185328185328,90,1,f156468d6837b9af8aafc64906e95c63814644aa6f1ec9394a4e8c8107a06519
"2-SMC-1-AL_72,99m_n=_2,5x_cesc.jpg",19,13,True,big,full,0.227220246905996,54666,1,955c560c37ed11c42db316f3a6d1cad49707f00e2d65c5f89049c291f7819f16
"2-SMC-1-AL_72,99m_n=_2,5x_cesc.jpg",19,13,True,big,cropped,0.216897904208738,1521,1,bbc34cc43f96b8e6ca6a12e9d020e4d8dafa16a7850ab606e9c5c1c73a6eba26
"2-SMC-1-AL_72,99m_n=_2,5x_cesc.jpg",19,13,True,small,full,0.219668789025883,1113,1,bd22ebc18d9f1c95431b24deab1b15d8bae3abe2256b669899e30c138d5cf3bb
"2-SMC-1-AL_72,99m_n=_2,5x_cesc.jpg",19,13,True,small,cropped,0.205862170375453,84,1,06750730f48dd6e7ebfd7e929371790ade5230dd3ce31da5c122e5e5e911f623
"2-SMC-1-AL_72,99m_n=_2,5x_cesc.jpg",27,18,True,big,full,0.206503520691864,34378,1,955c560c37ed11c42db316f3a6d1cad49707f00e2d65c5f89049c291f7819f16
"2-SMC-1-AL_72,99m_n=_2,5x_cesc.jpg",27,18,True,big,cropped,0.188548967829951,990,1,bbc34cc43f96b8e6ca6a12e9d020e4d8dafa16a7850ab606e9c5c1c73a6eba26
"2-SMC-1-AL_72,99m_n=_2,5x_cesc.jpg",27,18,True,small,full,0.192781588234993,748,1,bd22ebc18d9f1c95431b24deab1b15d8bae3abe2256b669899e30c138d5cf3bb
"2-SMC-1-AL_72,99m_n=_2,5x_cesc.jpg",27,18,True,small,cropped,0.166830049341568,54,1,06750730f48dd6e7ebfd7e929371790ade5230dd3ce31da5c122e5e5e911f623
"2-SMC-1-AL_72,99m_n=_2,5x_cesc.jpg",18,10,False,big,full,0.237861372477872,68667,1,955c560c37ed11c42db316f3a6d1cad49707f00e2d65c5f89049c291f7819f16
"2-SMC-1-AL_72,99m_n=_2,5x_cesc.jpg",18,10,False,big,cropped,0.227446765486803,1530,1,a6a9a1a7027ac42a678256f79760fe7429d1e85bb6e56bc94af1873d3f2273cf
"2-SMC-1-AL_72,99m_n=_2,5x_cesc.jpg",18,10,False,small,full,0.227480368604109,1314,1,bd22ebc18d9f1c95431b24deab1b15d8bae3abe2256b669899e30c138d5cf3bb
"2-SMC-1-AL_72,99m_n=_2,5x_cesc.jpg",18,10,False,small,cropped,0.219725343320849,60,1,f824ec1a3ba83f080b6de0ce8da0d2370e252fba7ab2d7a0e2eaf8a2fb781f68
"2-SMC-1-AL_72,99m_n=_2,5x_cesc.jpg",27,14,False,big,full,0.223338750520760,50005,1,955c560c37ed11c42db316f3a6d1cad49707f00e2d65c5f89049c291f7819f16
"2-SMC-1-AL_72,99m_n=_2,5x_cesc.jpg",27,14,False,big,cropped,0.210550247489933,724,1,a6a9a1a7027ac42a678256f79760fe7429d1e85bb6e56bc94af1873d3f2273cf
"2-SMC-1-AL_72,99m_n=_2,5x_cesc.jpg",27,14,False,small,full,0.215803465780159,1049,1,bd22ebc18d9f1c95431b24deab1b15d8bae3abe2256b669899e30c138d5cf3bb
"2-SMC-1-AL_72,99m_n=_2,5x_cesc.jpg",27,14,False,small,cropped,0.204181392977089,42,1,f824ec1a3ba83f080b6de0ce8da0d2370e252fba7ab2d7a0e2eaf8a2fb781f68
"2-SMC-1-AL_72,99m_n=_2,5x_cesc.jpg",30,15,False,big,full,0.219308689450211,45477,1,955c560c37ed11c42db316f3a6d1cad49707f00e2d65c5f89049c291f7819f16
"2-SMC-1-AL_72,99m_n=_2,5x_cesc.jpg",30,15,False,big,cropped,0.206391163774156,625,1,a6a9a1a7027ac42a678256f79760fe7429d1e85bb6e56bc94af1873d3f2273cf
"2-SMC-1-AL_72,99m_n=_2,5x_cesc.jpg",30,15,False,small,full,0.211280433145685,972,1,bd22ebc18d9f1c95431b24deab1b15d8bae3abe2256b669899e30c138d5cf3bb
"2-SMC-1-AL_72,99m_n=_2,5x_cesc.jpg",30,15,False,small,cropped,0.198343619771061,36,1,f824ec1a3ba83f080b6de0ce8da0d2370e252fba7ab2d7a0e2eaf8a2fb781f68
"2-SMC-1-AL_72,99m_n=_2,5x_cesc.jpg",15,7,False,big,full,0.248202952863110,82839,3,955c560c37ed11c42db316f3a6d1cad49707f00e2d65c5f89049c291f7819f16
"2-SMC-1-AL_72,99m_n=_2,5x_cesc.jpg",15,7,False,big,cropped,0.307238638467234,460,3,22aa78e1420f30a829f33deb84b0f9602b65161ea86e793b9a587110f9321f46
"2-SMC-1-AL_72,99m_n=_2,5x_cesc.jpg",15,7,False,small,full,0.233240960337665,1773,3,bd22ebc18d9f1c95431b24deab1b15d8bae3abe2256b669899e30c138d5cf3bb
"2-SMC-1-AL_72,99m_n=_2,5x_cesc.jpg",15,7,False,small,cropped,0.301138467234358,25,3,ae93c3aced98895465b6e8fad35f1c6079782ededef7adfca54fc8ce002ee229
"2-SMC-1-AL_72,99m_n=_2,5x_cesc.jpg",21,10,False,big,full,0.237861372477872,68667,3,955c560c37ed11c42db316f3a6d1cad49707f00e2d65c5f89049c291f7819f16
"2-SMC-1-AL_72,99m_n=_2,5x_cesc.jpg",21,10,False,big,cropped,0.292706260412810,430,3,22aa78e1420f30a829f33deb84b0f9602b65161ea86e793b9a587110f9321f46
"2-SMC-1-AL_72,99m_n=_2,5x_cesc.jpg",21,10,False,small,full,0.227480368604109,1314,3,bd22ebc18d9f1c95431b24deab1b15d8bae3abe2256b669899e30c138d5cf3bb
"2-SMC-1-AL_72,99m_n=_2,5x_cesc.jpg",21,10,False,small,cropped,0.294890781192151,22,3,ae93c3aced98895465b6e8fad35f1c6079782ededef7adfca54fc8ce002ee229
"2-SMC-1-AL_72,99m_n=_2,5x_cesc.jpg",14,4,False,big,full,0.309114249858731,66381,3,955c560c37ed11c42db316f3a6d1cad49707f00e2d65c5f89049c291f7819f16
"2-SMC-1-AL_72,99m_n=_2,5x_cesc.jpg",14,4,False,big,cropped,0.309556934931507,446,3,22aa78e1420f30a829f33deb84b0f9602b65161ea86e793b9a587110f9321f46
"2-SMC-1-AL_72,99m_n=_2,5x_cesc.jpg",14,4,False,small,full,0.292728828058169,1543,3,bd22ebc18d9f1c95431b24deab1b15d8bae3abe2256b669899e30c138d5cf3bb
"2-SMC-1-AL_72,99m_n=_2,5x_cesc.jpg",14,4,False,small,cropped,0.301277304701962,25,3,ae93c3aced98895465b6e8fad35f1c6079782ededef7adfca54fc8ce002ee229
"2-SMC-1-AL_72,99m_n=_2,5x_cesc.jpg",12,9,True,big,full,0.241037386592637,72123,3,955c560c37ed11c42db316f3a6d1cad49707f00e2d65c5f89049c291f7819f16
"2-SMC-1-AL_72,99m_n=_2,5x_cesc.jpg",12,9,True,big,cropped,0.440039527371642,614,3,b4fa2d04b98ab25ec1824ff9ca6353bf1619ff6ea8925cdb6ec2fcc36216c2fe
"2-SMC-1-AL_72,99m_n=_2,5x_cesc.jpg",12,9,True,small,full,0.229212746448933,1406,3,bd22ebc18d9f1c95431b24deab1b15d8bae3abe2256b669899e30c138d5cf3bb
"2-SMC-1-AL_72,99m_n=_2,5x_cesc.jpg",12,9,True,small,cropped,0.428992406211039,45,3,db5d3d100187a8edadb79b00ff8299c14e6737f6bf6bf8e48b262a9b4dcc006e
"2-SMC-1-AL_72,99m_n=_2,5x_cesc.jpg",22,16,True,big,full,0.215131839559099,41734,3,955c560c37ed11c42db316f3a6d1cad49707f00e2d65c5f89049c291f7819f16
"2-SMC-1-AL_72,99m_n=_2,5x_cesc.jpg",22,16,True,big,cropped,0.413530332653292,296,3,b4fa2d04b98ab25ec1824ff9ca6353bf1619ff6ea8925cdb6ec2fcc36216c2fe
"2-SMC-1-AL_72,99m_n=_2,5x_cesc.jpg",22,16,True,small,full,0.205916311090394,871,3,bd22ebc18d9f1c95431b24deab1b15d8bae3abe2256b669899e30c138d5cf3bb
"2-SMC-1-AL_72,99m_n=_2,5x_cesc.jpg",22,16,True,small,cropped,0.399788431750349,21,3,db5d3d100187a8edadb79b00ff8299c14e6737f6bf6bf8e48b262a9b4dcc006e
"2-SMC-1-AL_72,99m_n=_2,5x_cesc.jpg",29,15,True,big,full,0.219308689450211,45477,3,955c560c37ed11c42db316f3a6d1cad49707f00e2d65c5f89049c291f7819f16
"2-SMC-1-AL_72,99m_n=_2,5x_cesc.jpg",29,15,True,big,cropped,0.418039144848691,316,3,b4fa2d04b98ab25ec1824ff9ca6353bf1619ff6ea8925cdb6ec2fcc36216c2fe
"2-SMC-1-AL_72,99m_n=_2,5x_cesc.jpg",29,15,True,small,full,0.211280433145685,972,3,bd22ebc18d9f1c95431b24deab1b15d8bae3abe2256b669899e30c138d5cf3bb
"2-SMC-1-AL_72,99m_n=_2,5x_cesc.jpg",29,15,True,small,cropped,0.406626619819411,25,3,db5d3d100187a8edadb79b00ff8299c14e6737f6bf6bf8e48b262a9b4dcc006e
"2-SMC-1-AL_72,99m_n=_2,5x_cesc.jpg",21,7,True,big,full,0.248202952863110,82839,3,955c560c37ed11c42db316f3a6d1cad49707f00e2d65c5f89049c291f7819f16
"2-SMC-1-AL_72,99m_n=_2,5x_cesc.jpg",21,7,True,big,cropped,0.443924968831463,771,3,b4fa2d04b98ab25ec1824ff9ca6353bf1619ff6ea8925cdb6ec2fcc36216c2fe
"2-SMC-1-AL_72,99m_n=_2,5x_cesc.jpg",21,7,True,small,full,0.233240960337665,1773,3,bd22ebc18d9f1c95431b24deab1b15d8bae3abe2256b669899e30c138d5cf3bb
"2-SMC-1-AL_72,99m_n=_2,5x_cesc.jpg",21,7,True,small,cropped,0.430239147682194,50,3,db5d3d100187a8edadb79b00ff8299c14e6737f6bf6bf8e48b262a9b4dcc006e
"2-SMC-1-AL_72,99m_n=_2,5x_cesc.jpg",18,2,False,big,full,0.309911469142510,66378,3,955c560c37ed11c42db316f3a6d1cad49707f00e2d65c5f89049c291f7819f16
"2-SMC-1-AL_72,99m_n=_2,5x_cesc.jpg",18,2,False,big,cropped,0.422572844920362,261,3,9a80e3c768c5f00b6fbec0beffd2cd5e197902b1664a14f87119542e918727a3
"2-SMC-1-AL_72,99m_n=_2,5x_cesc.jpg",18,2,False,small,full,0.293067927447073,1542,3,bd22ebc18d9f1c95431b24deab1b15d8bae3abe2256b669899e30c138d5cf3bb
"2-SMC-1-AL_72,99m_n=_2,5x_cesc.jpg",18,2,False,small,cropped,0.406909169177787,21,3,afad77902a844038ee39e1fee6f9df1d78aca26383c7ed1a78451040ff891bea
"2-SMC-1-AL_72,99m_n=_2,5x_cesc.jpg",22,9,False,big,full,0.241037386592637,72123,3,955c560c37ed11c42db316f3a6d1cad49707f00e2d65c5f89049c291f7819f16
"2-SMC-1-AL_72,99m_n=_2,5x_cesc.jpg",22,9,False,big,cropped,0.419843682737839,240,3,9a80e3c768c5f00b6fbec0beffd2cd5e197902b1664a14f87119542e918727a3
"2-SMC-1-AL_72,99m_n=_2,5x_cesc.jpg",22,9,False,small,full,0.229212746448933,1406,3,bd22ebc18d9f1c95431b24deab1b15d8bae3abe2256b669899e30c138d5cf3bb
"2-SMC-1-AL_72,99m_n=_2,5x_cesc.jpg",22,9,False,small,cropped,0.406371071889798,17,3,afad77902a844038ee39e1fee6f9df1d78aca26383c7ed1a78451040ff891bea
"2-SMC-1-AL_72,99m_n=_2,5x_cesc.jpg",27,11,False,big,full,0.234488589349035,64439,3,955c560c37ed11c42db316f3a6d1cad49707f00e2d65c5f89049c291f7819f16
"2-SMC-1-AL_72,99m_n=_2,5x_cesc.jpg",27,11,False,big,cropped,0.412404487731382,207,3,9a80e3c768c5f00b6fbec0beffd2cd5e197902b1664a14f87119542e918727a3
"2-SMC-1-AL_72,99m_n=_2,5x_cesc.jpg",27,11,False,small,full,0.225440649923421,1253,3,bd22ebc18d9f1c95431b24deab1b15d8bae3abe2256b669899e30c138d5cf3bb
"2-SMC-1-AL_72,99m_n=_2,5x_cesc.jpg",27,11,False,small,cropped,0.403572965992251,16,3,afad77902a844038ee39e1fee6f9df1d78aca26383c7ed1a78451040ff891bea
"2-SMC-1-AL_73,97m_n=_2,5x_cesc.jpg",18,10,False,big,full,0.197534641061179,84538,5,96d32ea0ad6dd0027430d440345533260d54be4d628596e43a6f80a45fe155df
"2-SMC-1-AL_73,97m_n=_2,5x_cesc.jpg",18,10,False,big,cropped,0.200269897743457,1352,5,c39644a1e2bb9cac1aecee173420d72ba87b3156699510472c702177f9219396
"2-SMC-1-AL_73,97m_n=_2,5x_cesc.jpg",18,10,False,small,full,0.191477337321055,1522,5,8bba162dfb800925e7add02aea38ad6333015c2a623fcb392afe3fbd00fdfe98
"2-SMC-1-AL_73,97m_n=_2,5x_cesc.jpg",18,10,False,small,cropped,0.192896564002136,70,5,c3b1aae2d229ea30a9088c290ae99eaa1a4a5bc4015def91de531861a8e3797d
"2-SMC-1-AL_73,97m_n=_2,5x_cesc.jpg",20,9,False,big,full,0.199995165909351,85879,5,96d32ea0ad6dd0027430d440345533260d54be4d628596e43a6f80a45fe155df
"2-SMC-1-AL_73,97m_n=_2,5x_cesc.jpg",20,9,False,big,cropped,0.202998083385259,1363,5,c39644a1e2bb9cac1aecee173420d72ba87b3156699510472c702177f9219396
"2-SMC-1-AL_73,97m_n=_2,5x_cesc.jpg",20,9,False,small,full,0.193302856992943,1499,5,8bba162dfb800925e7add02aea38ad6333015c2a623fcb392afe3fbd00fdfe98
"2-SMC-1-AL_73,97m_n=_2,5x_cesc.jpg",20,9,False,small,cropped,0.193786718889087,69,5,c3b1aae2d229ea30a9088c290ae99eaa1a4a5bc4015def91de531861a8e3797d
"2-SMC-1-AL_73,97m_n=_2,5x_cesc.jpg",18,7,False,big,full,0.207241901051691,87493,5,96d32ea0ad6dd0027430d440345533260d54be4d628596e43a6f80a45fe155df
"2-SMC-1-AL_73,97m_n=_2,5x_cesc.jpg",18,7,False,big,cropped,0.205687672467509,1335,5,c39644a1e2bb9cac1aecee173420d72ba87b3156699510472c702177f9219396
"2-SMC-1-AL_73,97m_n=_2,5x_cesc.jpg",18,7,False,small,full,0.198859214173903,1657,5,8bba162dfb800925e7add02aea38ad6333015c2a623fcb392afe3fbd00fdfe98
"2-SMC-1-AL_73,97m_n=_2,5x_cesc.jpg",18,7,False,small,cropped,0.194765889264732,69,5,c3b1aae2d229ea30a9088c290ae99eaa1a4a5bc4015def91de531861a8e3797d
"2-SMC-1-AL_73,97m_n=_2,5x_cesc.jpg",1,30,False,big,full,0.000003377381611,68,5,96d32ea0ad6dd0027430d440345533260d54be4d628596e43a6f80a45fe155df
"2-SMC-1-AL_73,97m_n=_2,5x_cesc.jpg",1,30,False,big,cropped,0.000001738583764,2,5,c39644a1e2bb9cac1aecee173420d72ba87b3156699510472c702177f9219396
"2-SMC-1-AL_73,97m_n=_2,5x_cesc.jpg",1,30,False,small,full,0.000000000000000,0,5,8bba162dfb800925e7add02aea38ad6333015c2a623fcb392afe3fbd00fdfe98
"2-SMC-1-AL_73,97m_n=_2,5x_cesc.jpg",1,30,False,small,cropped,0.000000000000000,0,5,c3b1aae2d229ea30a9088c290ae99eaa1a4a5bc4015def91de531861a8e3797d
"2-SMC-1-AL_73,97m_n=_2,5x_cesc.jpg",19,4,False,big,full,0.255104157510707,80428,5,96d32ea0ad6dd0027430d440345533260d54be4d628596e43a6f80a45fe155df
"2-SMC-1-AL_73,97m_n=_2,5x_cesc.jpg",19,4,False,big,cropped,0.206064945144205,1321,5,c39644a1e2bb9cac1aecee173420d72ba87b3156699510472c702177f9219396
"2-SMC-1-AL_73,97m_n=_2,5x_cesc.jpg",19,4,False,small,full,0.245667943437311,1439,5,8bba162dfb800925e7add02aea38ad6333015c2a623fcb392afe3fbd00fdfe98
"2-SMC-1-AL_73,97m_n=_2,5x_cesc.jpg",19,4,False,small,cropped,0.194832650881253,71,5,c3b1aae2d229ea30a9088c290ae99eaa1a4a5bc4015def91de531861a8e3797d
"2-SMC-1-AL_72,99m_n=_2,5x_cesc.jpg",23,8,False,big,full,0.243987881882916,75601,1,955c560c37ed11c42db316f3a6d1cad49707f00e2d65c5f89049c291f7819f16
"2-SMC-1-AL_72,99m_n=_2,5x_cesc.jpg",23,8,False,big,cropped,0.381954984444847,928,1,f6312c00cc13741738fc154d32390d0dfa0f0b759ffe6e852c01fbfc678d1fa1
"2-SMC-1-AL_72,99m_n=_2,5x_cesc.jpg",23,8,False,small,full,0.230751499567162,1490,1,bd22ebc18d9f1c95431b24deab1b15d8bae3abe2256b669899e30c138d5cf3bb
"2-SMC-1-AL_72,99m_n=_2,5x_cesc.jpg",23,8,False,small,cropped,0.371420804639362,48,1,407899d51fff53d7498b96ff91f51d586120c2c47c0a805283589bd229db593e
"2-SMC-1-AL_72,99m_n=_2,5x_cesc.jpg",29,9,False,big,full,0.241037386592637,72123,1,955c560c37ed11c42db316f3a6d1cad49707f00e2d65c5f89049c291f7819f16
"2-SMC-1-AL_72,99m_n=_2,5x_cesc.jpg",29,9,False,big,cropped,0.378181349673795,900,1,f6312c00cc13741738fc154d32390d0dfa0f0b759ffe6e852c01fbfc678d1fa1
"2-SMC-1-AL_72,99m_n=_2,5x_cesc.jpg",29,9,False,small,full,0.229212746448933,1406,1,bd22ebc18d9f1c95431b24deab1b15d8bae3abe2256b669899e30c138d5cf3bb
"2-SMC-1-AL_72,99m_n=_2,5x_cesc.jpg",29,9,False,small,cropped,0.370152229068503,44,1,407899d51fff53d7498b96ff91f51d586120c2c47c0a805283589bd229db593e
"2-SMC-1-AL_72,99m_n=_2,5x_cesc.jpg",18,6,False,big,full,0.257158494809035,77768,1,955c560c37ed11c42db316f3a6d1cad49707f00e2d65c5f89049c291f7819f16
"2-SMC-1-AL_72,99m_n=_2,5x_cesc.jpg",18,6,False,big,cropped,0.385744193246345,955,1,f6312c00cc13741738fc154d32390d0dfa0f0b759ffe6e852c01fbfc678d1fa1
"2-SMC-1-AL_72,99m_n=_2,5x_cesc.jpg",18,6,False,small,full,0.240768761877443,1728,1,bd22ebc18d9f1c95431b24deab1b15d8bae3abe2256b669899e30c138d5cf3bb
"2-SMC-1-AL_72,99m_n=_2,5x_cesc.jpg",18,6,False,small,cropped,0.372840401111514,54,1,407899d51fff53d7498b96ff91f51d586120c2c47c0a805283589bd229db593e
